DateTime,Open,High,Low,Close,Volume,SMA_10,SMA_20,EMA_10,RSI,MACD,Signal_Line,Upper_Band,Lower_Band,Signal
2023-01-01 00:00:00,1.08103,1.08103,1.08019,1.08054,2651,,,1.08054,,0.0,0.0,,,HOLD
2023-01-01 01:00:00,1.0801,1.08043,1.07974,1.08028,2292,,,1.0804927272727272,,-2.0740740740876618e-05,-4.148148148175324e-06,,,HOLD
2023-01-01 02:00:00,1.08036,1.08158,1.07961,1.08054,1796,,,1.0805013223140494,,-1.601350638402721e-05,-6.5212197953457015e-06,,,HOLD
2023-01-01 03:00:00,1.08068,1.08126,1.07973,1.08088,4019,,,1.080570172802404,,1.499516448100202e-05,-2.217942940076157e-06,,,HOLD
2023-01-01 04:00:00,1.08042,1.08042,1.07967,1.0803,2207,,,1.0805210504746945,,-7.148984151550408e-06,-3.2041511823710075e-06,,,HOLD
2023-01-01 05:00:00,1.07981,1.08053,1.07981,1.07998,2972,,,1.0804226776611134,,-4.994398397317745e-05,-1.2552117740532298e-05,,,HOLD
2023-01-01 06:00:00,1.08023,1.08153,1.08023,1.08087,1534,,,1.0805040089954565,,-1.190651677940302e-05,-1.2422997548306444e-05,,,HOLD
2023-01-01 07:00:00,1.08075,1.0812,1.08061,1.08108,1350,,,1.080608734632646,,3.47827411848467e-05,-2.981849801675815e-06,,,HOLD
2023-01-01 08:00:00,1.08001,1.08116,1.08001,1.08058,3505,,,1.080603510153983,,3.108021974718156e-05,3.83056410809566e-06,,,HOLD
2023-01-01 09:00:00,1.08046,1.08048,1.07969,1.08017,4348,1.080522,,1.080524690125986,,-4.881359381814221e-06,2.0881794101136835e-06,,,HOLD
2023-01-01 10:00:00,1.07958,1.07958,1.07908,1.07926,2345,1.080394,,1.080294746466716,,-0.0001055933503304,-1.9448126537998308e-05,,,HOLD
2023-01-01 11:00:00,1.07933,1.0797,1.07858,1.07906,3457,1.080272,,1.080070247109131,,-0.0001992498292753,-5.5408467085464153e-05,,,HOLD
2023-01-01 12:00:00,1.07995,1.07995,1.07926,1.07945,2928,1.080163,,1.0799574749074707,,-0.0002392456480579,-9.217590327997036e-05,,,HOLD
2023-01-01 13:00:00,1.08068,1.08136,1.08068,1.08114,5020,1.080189,,1.0801724794697487,54.31034482758527,-0.0001330401425676,-0.0001003487511375,,,HOLD
2023-01-01 14:00:00,1.08073,1.0811,1.0801,1.0809,1989,1.080249,,1.0803047559297942,52.49999999999915,-6.74598731087439e-05,-9.377097553175431e-05,,,HOLD
2023-01-01 15:00:00,1.08044,1.08063,1.07973,1.08036,3488,1.0802869999999998,,1.0803148003061953,50.534759358289264,-5.8387469707987805e-05,-8.669427436700102e-05,,,HOLD
2023-01-01 16:00:00,1.08036,1.08099,1.08009,1.08047,2450,1.080247,,1.0803430184323417,49.52251023192353,-4.183914830080404e-05,-7.772324915376163e-05,,,HOLD
2023-01-01 17:00:00,1.07876,1.08032,1.0787,1.07888,2579,1.080027,,1.0800770150810068,38.34498834498898,-0.0001552347466478,-9.322554865256997e-05,,,HOLD
2023-01-01 18:00:00,1.07877,1.07893,1.07769,1.07871,3390,1.07984,,1.07982846688446,40.26927784577789,-0.0002558696485246,-0.0001257543686269,,,HOLD
2023-01-01 19:00:00,1.07828,1.07864,1.07773,1.07863,1814,1.079686,1.080104,1.079610563814558,41.48802017654547,-0.000338180530069,-0.0001682396009154,1.0817319066312292,1.0784760933687707,SELL
2023-01-01 20:00:00,1.07879,1.08002,1.07859,1.07869,2929,1.0796290000000002,1.0800115,1.0794431885755476,34.64788732394386,-0.0003940288785144,-0.0002133974564352,1.081742094969185,1.0782809050308149,SELL
2023-01-01 21:00:00,1.07718,1.07785,1.07681,1.07743,4387,1.079466,1.079869,1.0790771542890845,27.607361963190883,-0.0005338071699916,-0.0002774793991464,1.081941983103493,1.0777960168965066,HOLD
2023-01-01 22:00:00,1.07965,1.0797,1.07863,1.07895,1816,1.0794160000000002,1.0797895,1.0790540353274327,41.11232279171212,-0.0005159832425736,-0.0003251801678319,1.0818760430993064,1.0777029569006935,SELL
2023-01-01 23:00:00,1.07834,1.07925,1.07786,1.07833,2483,1.079135,1.079662,1.0789223925406266,40.19189765458406,-0.0005455971656211,-0.0003692635673897,1.081779382694197,1.0775446173058032,SELL
2023-01-02 00:00:00,1.07769,1.07769,1.07669,1.07719,2014,1.078764,1.0795065,1.0786074120786946,39.229968782518256,-0.0006535214966056,-0.0004261151532329,1.0818691860272067,1.0771438139727931,SELL
2023-01-02 01:00:00,1.07718,1.07718,1.07654,1.07684,3878,1.078412,1.0793495,1.0782860644280228,38.62704918032843,-0.0007585502858773,-0.0004926021797618,1.0819816452127595,1.0767173547872404,SELL
2023-01-02 02:00:00,1.07536,1.07536,1.07497,1.07511,1606,1.0778760000000005,1.0790615,1.0777085981683825,30.450450450450205,-0.000970199049143,-0.000588121553638,1.0822041256203174,1.0759188743796828,SELL
2023-01-02 03:00:00,1.07376,1.07402,1.07304,1.07369,4553,1.077357,1.0786919999999998,1.076977943955949,15.60480147737752,-0.0012382406836199,-0.0007181453796344,1.0825022222617862,1.0748817777382134,HOLD
2023-01-02 04:00:00,1.07416,1.07439,1.073,1.07401,1643,1.076887,1.0783635,1.07643831778214,18.423464711273056,-0.0014086067427274,-0.000856237652253,1.082597643298672,1.074129356701328,HOLD
2023-01-02 05:00:00,1.07496,1.07511,1.0741,1.07471,5620,1.076495,1.0780904999999998,1.0761240781853871,24.480578139114822,-0.0014701914700312,-0.0009790284158087,1.0825331614830116,1.073647838516988,HOLD
2023-01-02 06:00:00,1.07535,1.07661,1.07535,1.07559,1910,1.076185,1.0779070000000002,1.0760269730607712,29.39189189189165,-0.0014314878635595,-0.0010695203053588,1.0824483473539777,1.073365652646023,HOLD
2023-01-02 07:00:00,1.07511,1.07519,1.07459,1.07472,3900,1.075914,1.07769,1.0757893415951765,31.29496402877628,-0.0014542529825509,-0.0011464668407972,1.0824105931830657,1.0729694068169344,SELL
2023-01-02 08:00:00,1.07416,1.07589,1.0741,1.07443,1745,1.075462,1.077439,1.0755421885778715,30.96085409252628,-0.0014786501215608,-0.00121290349695,1.082297394363314,1.072580605636686,SELL
2023-01-02 09:00:00,1.07481,1.07502,1.07455,1.07495,4396,1.075124,1.0771295,1.0754345179273497,34.246575342466045,-0.0014394324940438,-0.0012582092963687,1.0817793646273457,1.0724796353726544,SELL
2023-01-02 10:00:00,1.07407,1.07493,1.07407,1.07447,3250,1.074852,1.076808,1.0752591510314675,32.561983471074825,-0.0014305932417835,-0.0012926860854517,1.0812444499795515,1.0723715500204485,SELL
2023-01-02 11:00:00,1.07523,1.07523,1.07445,1.07489,3058,1.074657,1.0765345,1.0751920326621098,38.721136767317056,-0.0013738605713027,-0.0013089209826219,1.080716060902218,1.072352939097782,SELL
2023-01-02 12:00:00,1.07575,1.07662,1.07531,1.07605,3856,1.0747509999999998,1.0763135,1.0753480267235442,36.69724770642161,-0.0012212197545864,-0.0012913807370148,1.080064307772651,1.0725626922273488,HOLD
2023-01-02 13:00:00,1.07707,1.07707,1.07613,1.0766,2991,1.075042,1.0761995,1.0755756582283542,42.01292705447835,-0.0010438376930044,-0.0012418721282127,1.0797553963634194,1.0726436036365803,HOLD
2023-01-02 14:00:00,1.07787,1.07798,1.07746,1.07763,2025,1.075404,1.0761455,1.075949174914108,52.05223880597008,-0.0008108023149215,-0.0011556581655545,1.079571293646044,1.072719706353956,HOLD
2023-01-02 15:00:00,1.0768,1.0774,1.0768,1.07737,3564,1.07567,1.0760825,1.0762075067479064,52.492944496706976,-0.0006397255678205,-0.0010524716460077,1.0793590056804006,1.0728059943195996,HOLD
2023-01-02 16:00:00,1.07652,1.07745,1.07652,1.07687,2084,1.075798,1.0759915000000002,1.0763279600664688,59.36170212765919,-0.0005382867993757,-0.0009496346766813,1.0790574094984435,1.072925590501557,HOLD
2023-01-02 17:00:00,1.07804,1.07888,1.0766,1.0776,4511,1.076086,1.076,1.0765592400543835,72.44546498277704,-0.00039444404006,-0.000838596549357,1.0790835932559977,1.0729164067440025,HOLD
2023-01-02 18:00:00,1.07569,1.07569,1.07506,1.07542,2005,1.0761850000000002,1.0758234999999998,1.076352105499041,56.66982024597969,-0.0004511547666352,-0.0007611081928127,1.0785832274846414,1.0730637725153582,BUY
2023-01-02 19:00:00,1.07518,1.07571,1.0744,1.07529,2542,1.076219,1.0756715,1.0761589954083064,52.90000000000013,-0.0005008152530789,-0.0007090496048659,1.078172718860773,1.0731702811392267,BUY
2023-01-02 20:00:00,1.07749,1.07749,1.07651,1.07719,8613,1.076491,1.0756715,1.0763464507886142,57.25952813067169,-0.0003824487937049,-0.0006437294426337,1.078172718860773,1.0731702811392267,BUY
2023-01-02 21:00:00,1.07823,1.0787,1.07761,1.0783,7600,1.076832,1.0757445,1.076701641554321,65.89698046181257,-0.0001968061398509,-0.0005543447820772,1.078464929339183,1.0730240706608172,BUY
2023-01-02 22:00:00,1.0744,1.07536,1.0744,1.07481,6742,1.076708,1.0757295,1.0763577067262624,51.31396957123115,-0.0003275213695681,-0.0005089800995753,1.0784679088733986,1.0729910911266014,BUY
2023-01-02 23:00:00,1.07329,1.07334,1.07302,1.07327,9643,1.076375,1.0757085,1.0757963055033055,44.57364341085229,-0.0005490501521723,-0.0005169941100947,1.0785182744805577,1.0728987255194424,HOLD
2023-01-03 00:00:00,1.07202,1.07246,1.07202,1.07222,3086,1.075834,1.075619,1.075146068139068,42.99065420560717,-0.000800116290655,-0.0005736185462068,1.078752015362741,1.0724859846372592,HOLD
2023-01-03 01:00:00,1.07161,1.07282,1.07112,1.0718,8566,1.075277,1.0754735,1.0745376921137828,40.373831775701454,-0.0010212066693446,-0.0006631361708344,1.0790264100007878,1.071920589999212,SELL
2023-01-03 02:00:00,1.07144,1.07196,1.07144,1.07164,2686,1.074754,1.075276,1.074010839002186,35.348837209302246,-0.0011955514769295,-0.0007696192320534,1.0792193376191954,1.0713326623808048,SELL
2023-01-03 03:00:00,1.07142,1.07145,1.07092,1.07111,6162,1.074105,1.0750955,1.073483413729061,31.73652694610766,-0.0013608010956707,-0.0008878556047768,1.0794545654478869,1.070736434552113,SELL
2023-01-03 04:00:00,1.0718,1.07232,1.07154,1.07198,4331,1.073761,1.074973,1.0732100657783226,31.002017484867977,-0.0014053607559874,-0.0009913566350189,1.0795433902862266,1.070402609713773,SELL
2023-01-03 05:00:00,1.07242,1.0736,1.07198,1.07264,5329,1.073496,1.0748574999999998,1.0731064174549911,34.51211525867713,-0.001371607090925,-0.0010674067262002,1.0795455761400332,1.0701694238599664,SELL
2023-01-03 06:00:00,1.07267,1.07299,1.07196,1.0724,5725,1.073017,1.074754,1.07297797791772,35.10992671552282,-0.0013486763608514,-0.0011236606531304,1.0795678108330984,1.0699401891669016,SELL
2023-01-03 07:00:00,1.07234,1.07255,1.07197,1.07243,2193,1.07243,1.074631,1.0728783455690436,31.935709294199995,-0.0013129479955704,-0.0011615181216184,1.0795546396464846,1.0697073603535157,SELL
2023-01-03 08:00:00,1.0732,1.0732,1.07209,1.07253,1802,1.072202,1.074455,1.0728150100110356,38.18479149632025,-0.0012620161082923,-0.0011816177189532,1.0794165723314302,1.0694934276685697,SELL
2023-01-03 09:00:00,1.071,1.07164,1.07087,1.07123,2967,1.071998,1.0741865000000002,1.0725268263726653,34.85074626865615,-0.001311433961755,-0.0012075809675135,1.0792396794056096,1.0691333205943907,SELL
2023-01-03 10:00:00,1.07217,1.07235,1.07183,1.07227,3664,1.072003,1.0739185,1.0724801306685443,30.382775119617435,-0.0012522435738779,-0.0012165134887864,1.0787671190112034,1.0690698809887966,SELL
2023-01-03 11:00:00,1.07185,1.0719,1.07156,1.07167,4611,1.07199,1.0736335,1.0723328341833545,22.443890274314622,-0.0012394620041866,-0.0012211031918665,1.0782943482399454,1.0689726517600544,HOLD
2023-01-03 12:00:00,1.07005,1.07087,1.06973,1.07012,3482,1.071838,1.073296,1.0719305006954718,26.75916749256736,-0.0013389697543806,-0.0012446765043693,1.077947616131152,1.0686443838688482,HOLD
2023-01-03 13:00:00,1.07148,1.07186,1.07148,1.0717,2909,1.071897,1.073001,1.071888591478113,42.25074037512446,-0.0012756328663061,-0.0012508677767567,1.07723272429706,1.06876927570294,SELL
2023-01-03 14:00:00,1.07253,1.07253,1.07176,1.07204,2823,1.071903,1.072832,1.0719161203002745,49.044585987262,-0.001184350314495,-0.0012375642843043,1.0769246460363633,1.0687393539636367,HOLD
2023-01-03 15:00:00,1.07249,1.07266,1.07223,1.07247,4874,1.071886,1.072691,1.0720168257002245,53.55249204665913,-0.0010650337817141,-0.0012030581837863,1.0766180446903508,1.0687639553096493,HOLD
2023-01-03 16:00:00,1.07274,1.07299,1.07256,1.07258,6158,1.071904,1.0724605,1.0721192210274564,55.01066098081089,-0.0009506401018235,-0.0011525745673937,1.0757679618985772,1.069153038101423,HOLD
2023-01-03 17:00:00,1.07357,1.07425,1.07263,1.07361,4856,1.072022,1.072226,1.072390271749737,62.65182186234748,-0.0007680166762475,-0.0010756629891645,1.0741771659132593,1.0702748340867403,HOLD
2023-01-03 18:00:00,1.07253,1.07303,1.07156,1.0727,2039,1.072039,1.0721205,1.072446585977057,53.62903225806465,-0.0006887759106111,-0.0009982855734538,1.0736702704414092,1.070570729558591,HOLD
2023-01-03 19:00:00,1.07305,1.07389,1.07267,1.07287,4842,1.072203,1.0721005,1.072523570344865,51.21951219512167,-0.0006052821379831,-0.0009196848863597,1.073597225900446,1.0706037740995542,BUY
2023-01-03 20:00:00,1.0713,1.07243,1.07082,1.07145,1265,1.072121,1.072062,1.0723283757367077,45.52309142318574,-0.000646245340192,-0.0008649969771261,1.0735851629141926,1.0705388370858075,BUY
2023-01-03 21:00:00,1.07211,1.07305,1.07211,1.0729,1899,1.072244,1.072117,1.0724323074209423,51.95344970906052,-0.0005553048822055,-0.000803058558142,1.073679266908934,1.070554733091066,BUY
2023-01-03 22:00:00,1.07311,1.07311,1.07266,1.07291,1747,1.072523,1.0721805,1.0725191606171347,51.59128978224471,-0.0004769292540711,-0.0007378326973278,1.0737642261193354,1.0705967738806643,BUY
2023-01-03 23:00:00,1.07309,1.07349,1.07247,1.07275,6442,1.072628,1.0722625,1.072561131414019,57.03703703703782,-0.0004228522889624,-0.0006748366156547,1.073781348247855,1.070743651752145,BUY
2023-01-04 00:00:00,1.07315,1.07351,1.07228,1.07311,5375,1.072735,1.072319,1.0726609257023794,54.1501976284583,-0.0003469475181339,-0.0006092587961506,1.0738771622103287,1.0707608377896711,BUY
2023-01-04 01:00:00,1.07285,1.07373,1.07285,1.07318,2605,1.072806,1.072346,1.0727553028474013,57.87278415015725,-0.0002779401048849,-0.0005429950578974,1.0739457420844791,1.0707462579155207,BUY
2023-01-04 02:00:00,1.07409,1.07461,1.07336,1.07387,5060,1.072935,1.0724195,1.0729579750569649,71.4776632302416,-0.0001656643240788,-0.0004675289111337,1.0741586888611503,1.07068031113885,HOLD
2023-01-04 03:00:00,1.07205,1.07246,1.07191,1.07199,1006,1.072773,1.0723975,1.072781979592062,51.60575858250225,-0.0002257825661926,-0.0004191796421455,1.0741472293023753,1.0706477706976243,BUY
2023-01-04 04:00:00,1.07371,1.07447,1.07282,1.07373,3612,1.0728760000000002,1.0724575,1.0729543469389595,58.101629913710354,-0.000131507313533,-0.000361645176423,1.07430587766704,1.07060912233296,BUY
2023-01-04 05:00:00,1.07366,1.0743,1.07292,1.0737,2870,1.072959,1.072581,1.073089920222785,56.13160518444699,-5.853943964284625e-05,-0.0003010240290669,1.0744140520996446,1.0707479479003554,BUY
2023-01-04 06:00:00,1.07375,1.07459,1.07375,1.07409,2888,1.073223,1.072672,1.0732717529095512,57.32298739088228,3.0407349754124624e-05,-0.0002347377533027,1.074617311232036,1.0707266887679645,BUY
2023-01-04 07:00:00,1.07485,1.07536,1.07485,1.07512,2254,1.073445,1.0728445,1.0736077978350873,57.3229873908832,0.0001819137249254,-0.0001514074576571,1.0750145688807913,1.070674431119209,BUY
2023-01-04 08:00:00,1.07461,1.07556,1.07461,1.075,7961,1.073654,1.0730885,1.073860925501435,62.0798319327727,0.0002889695604595,-6.333205403378955e-05,1.075056734849062,1.0711202651509375,BUY
2023-01-04 09:00:00,1.07531,1.07531,1.07439,1.07504,2185,1.073883,1.0732555,1.074075302682992,61.554845580404425,0.000372742997867,2.388295634637801e-05,1.0752932435921574,1.0712177564078424,BUY
2023-01-04 10:00:00,1.07373,1.07478,1.07373,1.07447,1397,1.074019,1.0733770000000002,1.0741470658315388,67.6814988290395,0.0003886595884527,9.68382827676624e-05,1.0753993082174405,1.07135469178256,BUY
2023-01-04 11:00:00,1.07595,1.07639,1.07541,1.07594,4838,1.074295,1.0735505,1.074473053862168,67.75700934579373,0.000513965639898,0.0001802637541937,1.0758248649200346,1.0712761350799656,BUY
2023-01-04 12:00:00,1.07586,1.07631,1.07493,1.0758,2042,1.074488,1.0737115,1.0747143167963191,66.6283084004609,0.0005951146472706,0.0002632339328091,1.0761467868630354,1.0712762131369644,BUY
2023-01-04 13:00:00,1.07402,1.07484,1.07392,1.07427,2501,1.074716,1.0737445,1.0746335319242613,57.55467196819072,0.0005298597140468,0.0003165590890566,1.0761918528126293,1.071297147187371,BUY
2023-01-04 14:00:00,1.07656,1.07656,1.07608,1.07608,3098,1.074951,1.0739135000000002,1.07489652611985,62.90182450043415,0.0006170832311616,0.0003766639174776,1.076518865112308,1.0713081348876925,BUY
2023-01-04 15:00:00,1.07503,1.07539,1.0743,1.07515,2134,1.075096,1.0740275,1.074942612279877,57.96281325788223,0.0006042004228479,0.0004221712185517,1.0766401322681214,1.0714148677318784,BUY
2023-01-04 16:00:00,1.07633,1.07718,1.0754,1.07615,2153,1.0753020000000002,1.0742625,1.0751621373198994,58.99053627760218,0.0006669936593788,0.0004711357067171,1.076741029912332,1.071783970087668,BUY
2023-01-04 17:00:00,1.07482,1.07607,1.07482,1.07563,4197,1.0753530000000002,1.074399,1.075247203261736,66.0777385159024,0.0006671080907418,0.000510330183522,1.0768622362110825,1.0719357637889178,BUY
2023-01-04 18:00:00,1.07561,1.07586,1.07506,1.07537,3829,1.07539,1.074522,1.0752695299414203,58.33333333333314,0.0006388546327986,0.0005360350733774,1.0769169033603196,1.0721270966396803,BUY
2023-01-04 19:00:00,1.07462,1.07542,1.07345,1.07432,2036,1.075318,1.0746005,1.0750968881338894,52.85451197053349,0.0005256776542641,0.0005339635895547,1.0768493123181166,1.0723516876818835,HOLD
2023-01-04 20:00:00,1.07351,1.07447,1.07262,1.0735,3394,1.075221,1.07462,1.0748065448368185,47.38706820194813,0.0003656024983837,0.0005002913713205,1.076820641054929,1.0724193589450708,HOLD
2023-01-04 21:00:00,1.07342,1.07342,1.07238,1.07253,1332,1.0748799999999998,1.0745875,1.0743926275937603,38.46838824576923,0.0001586421625983,0.0004319615295761,1.076894321691375,1.0722806783086252,HOLD
2023-01-04 22:00:00,1.07142,1.07181,1.07107,1.0716,4527,1.07446,1.074474,1.0738848771221676,35.880398671096,-7.950217071051036e-05,0.0003296687895187,1.0771268824442792,1.0718211175557206,SELL
2023-01-04 23:00:00,1.06983,1.07078,1.06909,1.07039,1778,1.074072,1.074394,1.0732494449181371,32.39969719909047,-0.0003617006977107,0.0001913948920728,1.0774309749492077,1.0713570250507929,SELL
2023-01-05 00:00:00,1.07074,1.07111,1.07074,1.07079,5344,1.073543,1.074247,1.0728022731148394,35.889570552145955,-0.0005467656325661,4.376278714506138e-05,1.0776783115491566,1.0708156884508433,SELL
2023-01-05 01:00:00,1.07096,1.07138,1.07075,1.07106,2541,1.073134,1.0741150000000002,1.0724854961848689,29.39189189189088,-0.0006639901184777,-9.778779397949706e-05,1.0778265835746468,1.0704034164253535,HOLD
2023-01-05 02:00:00,1.07127,1.07249,1.07091,1.07137,5434,1.0726559999999998,1.073979,1.0722826786967108,31.557035803495864,-0.0007235364807332,-0.0002229375313302,1.0778884966697178,1.0700695033302825,SELL
2023-01-05 03:00:00,1.07127,1.0713,1.06974,1.07094,1955,1.072187,1.07377,1.0720385552973088,34.73877176901834,-0.0007962461778767,-0.0003375992606395,1.0778651781659083,1.0696748218340917,SELL
2023-01-05 04:00:00,1.07058,1.0714,1.07058,1.07129,3353,1.0717789999999998,1.0735845000000002,1.0719024543341618,24.656084656084744,-0.0008162182063751,-0.0004333230497866,1.0777799635902183,1.0693890364097818,HOLD
2023-01-05 05:00:00,1.07183,1.0722,1.07181,1.07211,2440,1.071558,1.073438,1.0719401899097687,33.72591006423845,-0.000757151069656,-0.0004980886537605,1.0776240801913517,1.069251919808648,SELL
2023-01-05 06:00:00,1.07287,1.07401,1.07269,1.07279,2369,1.071487,1.073354,1.0720947008352653,31.374722838136904,-0.0006479998819739,-0.0005280708994032,1.0775202624926783,1.069187737507321,SELL
2023-01-05 07:00:00,1.07177,1.07269,1.07166,1.07188,4512,1.071422,1.073151,1.0720556643197623,30.074388947926806,-0.0006276905482405,-0.0005479948291706,1.07718011456905,1.06912188543095,SELL
2023-01-05 08:00:00,1.07171,1.07211,1.07135,1.07159,4352,1.071421,1.0729405,1.0719709980798056,29.978813559321893,-0.0006277594115746,-0.0005639477456514,1.0768241687755136,1.069056831224486,HOLD
2023-01-05 09:00:00,1.07008,1.07134,1.07006,1.0706,3430,1.071442,1.072757,1.0717217257016591,30.170575692963453,-0.0006996337698954,-0.0005910849505002,1.076722127461946,1.068791872538054,SELL
2023-01-05 10:00:00,1.06868,1.0695,1.06835,1.0687,3428,1.071233,1.072388,1.07117232102863,27.05544933078368,-0.0008995395062449,-0.0006527758616492,1.076424004277292,1.0683519957227077,HOLD
2023-01-05 11:00:00,1.06807,1.06807,1.06747,1.06749,4004,1.070876,1.072005,1.0705028081143335,26.4485981308408,-0.0011424338637124,-0.0007507074620618,1.0763772161067604,1.0676327838932398,HOLD
2023-01-05 12:00:00,1.06708,1.06708,1.06565,1.06665,6611,1.070404,1.07153,1.0698022975480912,26.67295004712483,-0.0013867250684098,-0.0008779109833314,1.0760672099008326,1.0669927900991671,HOLD
2023-01-05 13:00:00,1.06692,1.06692,1.06569,1.06611,3873,1.069921,1.071054,1.0691309707211656,28.47082494969753,-0.0016053950998005,-0.0010234078066252,1.0757739393394856,1.0663340606605145,HOLD
2023-01-05 14:00:00,1.06541,1.06616,1.0654,1.06594,4498,1.0693860000000002,1.0705825,1.068550794226408,25.025746652935283,-0.0017719839266756,-0.0011731230306353,1.0753706119232402,1.0657943880767595,HOLD
2023-01-05 15:00:00,1.06553,1.06669,1.06553,1.06602,2616,1.068777,1.0701675,1.0680906498216065,23.52941176470492,-0.0018759269229264,-0.0013136838090935,1.075029848901725,1.065305151098275,HOLD
2023-01-05 16:00:00,1.06574,1.0659,1.06432,1.06575,2655,1.068073,1.0697800000000002,1.0676650771267688,20.358649789028163,-0.0019575241202973,-0.0014424518713343,1.0747579979065782,1.064802002093422,HOLD
2023-01-05 17:00:00,1.06624,1.06704,1.06622,1.0665,2745,1.067535,1.0694785,1.067453244921902,27.346938775509244,-0.0019393165214252,-0.0015418248013525,1.074485548820886,1.064471451179114,HOLD
2023-01-05 18:00:00,1.06923,1.06927,1.06923,1.06924,3291,1.0673,1.0693605,1.067778109481556,41.59146841673423,-0.0016843753368795,-0.0015703349084579,1.0742672664344357,1.0644537335655642,SELL
2023-01-05 19:00:00,1.06953,1.07046,1.06849,1.06909,788,1.067149,1.0692955,1.068016635030364,36.89236111111145,-0.001477405744009,-0.0015517490755681,1.0741792322871582,1.0644117677128415,HOLD
2023-01-05 20:00:00,1.0703,1.07153,1.07023,1.07042,1474,1.067321,1.069277,1.0684536104793887,40.26294165981878,-0.0011923166812868,-0.0014798625967118,1.0741396529471277,1.0644143470528724,HOLD
2023-01-05 21:00:00,1.06974,1.06978,1.06955,1.06958,2025,1.06753,1.069203,1.0686584085740451,40.49586776859465,-0.001022377197031,-0.0013883655167757,1.073995951403665,1.0644100485963353,HOLD
2023-01-05 22:00:00,1.07051,1.07096,1.07008,1.07036,1617,1.0679010000000002,1.0691525,1.0689677888333096,45.115170770452266,-0.0008153604820497,-0.0012737645098305,1.073870005473737,1.0644349945262632,HOLD
2023-01-05 23:00:00,1.0712,1.07156,1.07062,1.07112,3382,1.068402,1.0691615,1.069359099954526,52.10355987055056,-0.0005832492611153,-0.0011356614600874,1.0738940269760402,1.06442897302396,HOLD
2023-01-06 00:00:00,1.06986,1.07029,1.06964,1.06996,3508,1.068804,1.069095,1.0694683545082484,55.42168674698834,-0.0004872846377492,-0.0010059860956198,1.0737381273489908,1.064451872651009,HOLD
2023-01-06 01:00:00,1.06905,1.06929,1.06819,1.06862,1240,1.069064,1.0689205,1.0693141082340214,54.80851063829737,-0.0005134401648811,-0.0009074769094721,1.0733436423695208,1.064497357630479,BUY
2023-01-06 02:00:00,1.0678,1.06819,1.06614,1.06726,3312,1.069215,1.068644,1.068940634009654,52.48573757131223,-0.0006365712455131,-0.0008532957766803,1.0727269576483098,1.06456104235169,BUY
2023-01-06 03:00:00,1.06704,1.06767,1.06704,1.06715,5843,1.06928,1.0684075,1.0686150641897167,54.39189189189276,-0.0007345620209882,-0.0008295490255419,1.0722416066344334,1.0645733933655666,BUY
2023-01-06 04:00:00,1.06772,1.06839,1.06676,1.06748,3246,1.0691039999999998,1.068202,1.0684086888824955,56.41666666666638,-0.0007766395570898,-0.0008189671318514,1.0717476161219464,1.0646563838780538,BUY
2023-01-06 05:00:00,1.06676,1.06797,1.06676,1.06728,3928,1.068923,1.068036,1.0682034727220415,55.19801980198049,-0.0008167101103651,-0.0008185157275542,1.071415899718225,1.064656100281775,BUY
2023-01-06 06:00:00,1.0687,1.0687,1.06825,1.06838,6855,1.0687190000000002,1.06802,1.0682355685907614,60.15444015444083,-0.0007510478930123,-0.0008050221606458,1.0713896790414073,1.064650320958593,BUY
2023-01-06 07:00:00,1.06959,1.06959,1.06903,1.06947,911,1.068708,1.068119,1.0684600106651685,61.17381489841991,-0.0006040926185282,-0.0007648362522223,1.0715390824859237,1.0646989175140764,BUY
2023-01-06 08:00:00,1.06978,1.07041,1.06978,1.07002,2195,1.068674,1.0682875,1.068743645089683,53.51351351351364,-0.0004381978294758,-0.000699508567673,1.071734804820626,1.064840195179374,BUY
2023-01-06 09:00:00,1.0687,1.06923,1.06804,1.06851,1240,1.068413,1.0684075,1.068701164164286,47.67255216693403,-0.000423685412646,-0.0006443439366676,1.0716992304679576,1.0651157695320423,BUY
2023-01-06 10:00:00,1.06927,1.06927,1.06858,1.06904,2235,1.068321,1.0685625,1.0687627706798704,44.0823327615782,-0.0003652077594302,-0.0005885167012201,1.07165066331038,1.0654743366896202,HOLD
2023-01-06 11:00:00,1.06906,1.07008,1.06864,1.06917,3365,1.068376,1.06872,1.0688368123744394,48.127853881278405,-0.0003048596521022,-0.0005317852913965,1.071574661930394,1.0658653380696064,HOLD
2023-01-06 12:00:00,1.06972,1.07008,1.0688,1.06913,4246,1.068563,1.068889,1.0688901192154503,43.97649363369205,-0.0002572950705534,-0.0004768872472279,1.0713804244498824,1.0663975755501176,HOLD
2023-01-06 13:00:00,1.06797,1.06911,1.06797,1.06853,5282,1.068701,1.0689905,1.0688246429944592,37.11442786069564,-0.000264960483066,-0.0004345018943955,1.0712241986085151,1.0667568013914848,HOLD
2023-01-06 14:00:00,1.06803,1.06879,1.06803,1.06845,3605,1.068798,1.068951,1.0687565260863756,41.58305462653192,-0.0002743284218371,-0.0004024671998838,1.071194042107214,1.0667079578927858,HOLD
2023-01-06 15:00:00,1.06896,1.06979,1.06854,1.06911,4090,1.068981,1.068952,1.0688207940706709,52.95536791314909,-0.0002258921525342,-0.0003671521904139,1.071195320846658,1.0667086791533418,BUY
2023-01-06 16:00:00,1.06916,1.06968,1.06916,1.06957,1736,1.0691,1.0689094999999995,1.0689570133305488,65.62922868741461,-0.0001486740822538,-0.0003234565687819,1.0710662565804618,1.0667527434195376,BUY
2023-01-06 17:00:00,1.07054,1.0713,1.07054,1.07069,4643,1.069222,1.068965,1.0692721018159037,71.07142857142848,2.863426737942376e-06,-0.0002581925696779,1.0712478467915485,1.0666821532084516,HOLD
2023-01-06 18:00:00,1.0707,1.07104,1.07056,1.07079,3331,1.069299,1.0689864999999998,1.069548083303921,70.2570379436965,0.0001295339716547,-0.0001806472614114,1.0713319078312171,1.0666410921687826,HOLD
2023-01-06 19:00:00,1.07041,1.07042,1.07021,1.07028,1135,1.069476,1.0689445,1.0696811590668445,67.68867924528274,0.0001866173447755,-0.000107194340174,1.071155262907138,1.066733737092862,BUY
2023-01-06 20:00:00,1.07167,1.07218,1.07124,1.07139,3106,1.069711,1.069016,1.0699918574183271,67.72673733804474,0.0003177611004143,-2.2203252056348985e-05,1.0714466152567437,1.0665853847432565,BUY
2023-01-06 21:00:00,1.07236,1.07318,1.07216,1.07253,860,1.070047,1.0692115000000002,1.070453337887722,67.91569086651091,0.0005078280189299,8.380300214090105e-05,1.0720948261129617,1.066328173887039,BUY
2023-01-06 22:00:00,1.07188,1.07283,1.0712,1.07205,2416,1.0703390000000002,1.069451,1.0707436400899544,61.983471074380056,0.0006126630346452,0.0001895750086417,1.072445415152457,1.066456584847543,BUY
2023-01-06 23:00:00,1.07113,1.07229,1.07113,1.07175,1629,1.070661,1.069681,1.0709266146190537,72.3140495867761,0.0006638851918621,0.0002844370452858,1.0726376617021658,1.066724338297834,HOLD
2023-01-07 00:00:00,1.07302,1.07302,1.07278,1.0728,1700,1.0710959999999998,1.069947,1.0712672301428618,74.16452442159337,0.0007802115521675,0.0003835919466621,1.0730246758148083,1.0668693241851916,HOLD
2023-01-07 01:00:00,1.07271,1.07384,1.07234,1.07321,3093,1.071506,1.0702435,1.071620461025978,75.06203473945381,0.0008951656914135,0.0004859066956124,1.0733813321380086,1.0671056678619912,HOLD
2023-01-07 02:00:00,1.07293,1.07293,1.0722,1.07254,6064,1.0718029999999998,1.0704515,1.0717876499303456,69.62025316455754,0.0009215808638549,0.0005730415292609,1.0736205760732271,1.067282423926773,BUY
2023-01-07 03:00:00,1.07171,1.07212,1.07171,1.07193,2096,1.071927,1.0705744999999998,1.0718135317611917,69.54022988505753,0.0008831131970914,0.000635055862827,1.0737739899264536,1.067375010073546,BUY
2023-01-07 04:00:00,1.07347,1.07456,1.07326,1.07359,3438,1.072207,1.0707529999999998,1.0721365259864295,75.00000000000054,0.0009753323960988,0.0007031111694814,1.0742101975264438,1.067295802473556,HOLD
2023-01-07 05:00:00,1.07339,1.07441,1.07339,1.07395,1589,1.072574,1.071025,1.0724662485343512,74.24849699398806,0.00106518695491,0.0007755263265671,1.0745933727678785,1.0674566272321215,HOLD
2023-01-07 06:00:00,1.07399,1.07488,1.07364,1.07391,2956,1.072826,1.0712685,1.0727287488008328,72.6987447698745,0.0011202560599055,0.0008444722732348,1.0749299709439917,1.0676070290560082,HOLD
2023-01-07 07:00:00,1.07562,1.07584,1.07501,1.07519,1692,1.0730920000000002,1.0715695,1.0731762490188632,73.14814814814861,0.0012527431813704,0.0009261264548619,1.075485531691718,1.067653468308282,HOLD
2023-01-07 08:00:00,1.07618,1.07618,1.0755,1.07582,4492,1.0734689999999998,1.071904,1.0736569310154336,74.53658536585388,0.0013925237673457,0.0010194059173587,1.0760771089004186,1.0677308910995813,HOLD
2023-01-07 09:00:00,1.07615,1.07691,1.07554,1.07636,3790,1.07393,1.0722955,1.0741483981035365,79.57198443579789,0.0015292461778124,0.0011213739694494,1.076602827783162,1.0679881722168385,HOLD
2023-01-07 10:00:00,1.07592,1.07626,1.07554,1.07618,3584,1.074268,1.072682,1.0745177802665298,75.61497326203136,0.0016045785942431,0.0012180148944081,1.076923174613864,1.068440825386136,HOLD
2023-01-07 11:00:00,1.07603,1.07603,1.07576,1.07576,1415,1.074523,1.0730145,1.074743638399888,68.71378910776419,0.0016118096487771,0.0012967738452819,1.0771169946197754,1.0689120053802246,BUY
2023-01-07 12:00:00,1.075,1.075,1.07395,1.0743,2555,1.0746989999999998,1.0732510000000002,1.0746629768726357,61.70655567117643,0.0014826395673006,0.0013339469896857,1.0770516642078825,1.069450335792118,BUY
2023-01-07 13:00:00,1.07492,1.07492,1.07451,1.07453,1449,1.074959,1.073443,1.074638799259429,64.57023060796666,0.0013828893374563,0.0013437354592398,1.0770835268560333,1.0698024731439666,BUY
2023-01-07 14:00:00,1.07372,1.07416,1.07348,1.07405,3185,1.075005,1.073606,1.0745317448486238,56.96767001114818,0.0012506874270374,0.0013251258527993,1.0770319836850974,1.070180016314903,HOLD
2023-01-07 15:00:00,1.07342,1.07356,1.07323,1.0733,2291,1.07494,1.073757,1.0743077912397831,50.48335123523052,0.0010730285236948,0.0012747063869784,1.0768118604929862,1.070702139507014,HOLD
2023-01-07 16:00:00,1.07559,1.07559,1.07468,1.07498,1445,1.075047,1.0739364999999998,1.074430011014368,61.82170542635645,0.0010556259239398,0.0012308902943707,1.0768230005219448,1.071049999478055,HOLD
2023-01-07 17:00:00,1.07298,1.07298,1.07209,1.07262,5740,1.07479,1.073941,1.0741009181026644,52.85832642916257,0.000841699375141,0.0011530521105247,1.0768185347636163,1.0710634652363835,HOLD
2023-01-07 18:00:00,1.07297,1.07337,1.07233,1.07332,1390,1.07454,1.0740045,1.073958932993089,48.784878487848864,0.0007203415448839,0.0010665099973966,1.0767597856380782,1.071249214361922,HOLD
2023-01-07 19:00:00,1.07234,1.07306,1.07234,1.07257,2133,1.074161,1.0740455,1.0737063997216183,44.00000000000054,0.0005572225434589,0.000964652506609,1.0766813458145206,1.0714096541854794,HOLD
2023-01-07 20:00:00,1.07159,1.072,1.07119,1.07123,3538,1.073666,1.073967,1.0732561452267784,39.53125000000042,0.0003161780546676,0.0008349576162208,1.0768417181097556,1.0710922818902442,SELL
2023-01-07 21:00:00,1.07142,1.07197,1.0714,1.07172,3503,1.073262,1.0738925,1.0729768460946367,35.55370524562892,0.0001628106853333,0.0007005282300433,1.076922836962335,1.070862163037665,SELL
2023-01-07 22:00:00,1.07239,1.07239,1.07188,1.07193,2125,1.073025,1.073862,1.0727865104410663,33.2182916307173,5.754780981148677e-05,0.0005719321459969,1.0769611516666115,1.0707628483333882,SELL
2023-01-07 23:00:00,1.07335,1.07426,1.07335,1.07386,3953,1.072958,1.0739585,1.0729816903608724,40.36979969183428,0.0001283811944043,0.0004832219556784,1.076921558697045,1.0709954413029548,SELL
2023-01-08 00:00:00,1.0726,1.0744,1.0726,1.07338,1350,1.0728909999999998,1.073948,1.073054110295259,39.45783132530202,0.0001441238040496,0.0004154023253526,1.0769180370368114,1.0709779629631888,SELL
2023-01-08 01:00:00,1.07419,1.0744,1.07394,1.0742,2240,1.072981,1.0739605,1.0732624538779392,44.2982456140354,0.0002202284263752,0.0003763675455571,1.07693267605911,1.0709883239408902,SELL
2023-01-08 02:00:00,1.07448,1.07482,1.07339,1.07419,2669,1.072902,1.0739744999999998,1.0734310986274047,49.55028618152066,0.0002765471085235,0.0003564034581504,1.0769483118370426,1.071000688162957,SELL
2023-01-08 03:00:00,1.07414,1.07469,1.07414,1.07422,2855,1.073062,1.073926,1.073574535240604,48.71155444721525,0.0003199130605369,0.0003491053786277,1.0768475237552797,1.0710044762447204,SELL
2023-01-08 04:00:00,1.07335,1.07335,1.07218,1.07315,2240,1.073045,1.0737925,1.0734973470150395,46.43423137876447,0.0002648873755268,0.0003322617780075,1.0765910400329135,1.0709939599670866,SELL
2023-01-08 05:00:00,1.07435,1.07435,1.07333,1.07376,3565,1.073164,1.0736625,1.073545102103214,51.84294871794912,0.0002674183929634,0.0003192931009987,1.0761869978656582,1.0711380021343415,SELL
2023-01-08 06:00:00,1.07455,1.07506,1.07416,1.07472,5760,1.073513,1.0735895,1.0737587199026295,48.894557823128665,0.0003429350773598,0.0003240214962709,1.0758811826729966,1.0712978173270034,HOLD
2023-01-08 07:00:00,1.07482,1.07515,1.07376,1.07494,3301,1.073835,1.0735485,1.0739734981021516,62.058212058212064,0.0004157423363329,0.0003423656642833,1.0757018452555274,1.0713951547444729,BUY
2023-01-08 08:00:00,1.07437,1.0745,1.07406,1.07424,3871,1.074066,1.0735455,1.0740219529926696,54.78170478170485,0.0004122068003564,0.0003563338914979,1.075694599934006,1.071396400065994,BUY
2023-01-08 09:00:00,1.07332,1.07521,1.07332,1.07362,4344,1.074042,1.0735,1.073948870630366,55.53213909378278,0.0003552805906841,0.0003561232313352,1.075599293114116,1.0714007068858835,HOLD
2023-01-08 10:00:00,1.07333,1.07372,1.07333,1.07366,2621,1.07407,1.0734805,1.073896348697572,64.83516483516553,0.0003098223854915,0.0003468630621664,1.0755654786064854,1.071395521393515,HOLD
2023-01-08 11:00:00,1.07127,1.07237,1.07127,1.07187,1899,1.073837,1.073409,1.0735279216616498,50.79030558482662,0.0001278842203351,0.0003030672938002,1.0756146282074504,1.0712033717925498,HOLD
2023-01-08 12:00:00,1.07196,1.07267,1.07121,1.07211,5111,1.073629,1.0732655,1.0732701177231678,50.94537815125972,3.028002958149756e-06,0.0002430594356318,1.0754134632948016,1.0711175367051984,HOLD
2023-01-08 13:00:00,1.07233,1.07294,1.07176,1.07207,3260,1.073414,1.073238,1.0730519145007738,38.269986893839736,-9.801921012031478e-05,0.0001748437064813,1.0754342992797752,1.0710417007202246,HOLD
2023-01-08 14:00:00,1.07378,1.07439,1.07332,1.07365,3816,1.073464,1.0732545,1.0731606573188148,51.54639175257737,-5.0030340479789714e-05,0.0001298688970891,1.0754583385173493,1.0710506614826507,HOLD
2023-01-08 15:00:00,1.0734,1.0741,1.0734,1.07393,2906,1.073481,1.0733225000000002,1.073300537806303,48.35164835164829,1.0474105426760971e-05,0.0001059899387566,1.0755213310291525,1.071123668970848,HOLD
2023-01-08 16:00:00,1.0742,1.07629,1.07414,1.07476,2486,1.073485,1.0734990000000002,1.0735658945687931,53.16315205327416,0.0001239693367727,0.0001095858183598,1.0755525145739175,1.0714454854260829,HOLD
2023-01-08 17:00:00,1.07391,1.07399,1.07289,1.07356,2092,1.073347,1.073591,1.0735648228290129,46.75834970530484,0.0001157508503715,0.0001108188247622,1.0754660427363627,1.0717159572636372,HOLD
2023-01-08 18:00:00,1.07309,1.07376,1.07309,1.07351,4905,1.073274,1.07367,1.0735548550419194,51.96506550218308,0.0001040041633009,0.0001094558924699,1.0753758907227382,1.071964109277262,SELL
2023-01-08 19:00:00,1.07271,1.07332,1.07223,1.07298,3867,1.07321,1.0736260000000002,1.0734503359433885,45.70484581497763,5.133648353550235e-05,9.783201068306075e-05,1.0753564748359696,1.0718955251640307,SELL
2023-01-08 20:00:00,1.07277,1.07374,1.07243,1.07263,4989,1.073107,1.0735885,1.0733011839536817,37.66233766233742,-1.843262720413464e-05,7.45790831056217e-05,1.0753730804460573,1.0718039195539428,SELL
2023-01-08 21:00:00,1.0729,1.07306,1.07259,1.07289,2113,1.073209,1.073523,1.0732264232348303,37.95534665099728,-5.214423673294277e-05,4.923441913790881e-05,1.0753092409809804,1.0717367590190197,SELL
2023-01-08 22:00:00,1.07303,1.07372,1.07303,1.07367,4713,1.073365,1.073497,1.0733070735557702,46.68218859138406,-1.5740007882403262e-05,3.62395337338464e-05,1.0752573121732798,1.0717366878267205,SELL
2023-01-08 23:00:00,1.07376,1.07517,1.07247,1.07404,3647,1.073562,1.073488,1.0734403329092663,52.51798561151144,4.247686666292161e-05,3.748700031966144e-05,1.0752345346140064,1.0717414653859936,BUY
2023-01-09 00:00:00,1.0749,1.07579,1.0749,1.07524,2182,1.073721,1.0735925,1.0737675451075817,58.31578947368428,0.0001833308069285,6.665576164144137e-05,1.0754968537376033,1.0716881462623966,BUY
2023-01-09 01:00:00,1.07728,1.07759,1.0768,1.07729,8116,1.074057,1.073769,1.0744079914516578,77.76639344262414,0.0004551299817017,0.0001443506056534,1.0762924304136756,1.0712455695863243,HOLD
2023-01-09 02:00:00,1.07789,1.07808,1.07691,1.07751,4102,1.074332,1.0739085,1.0749719930059018,77.72073921971392,0.0006804412441967,0.0002515687333621,1.0769154412680506,1.0709015587319493,HOLD
2023-01-09 03:00:00,1.0766,1.07669,1.07612,1.07628,2627,1.074604,1.0739755,1.075209812459374,69.25892040256116,0.0007510931878134,0.0003514736242524,1.0771350567643898,1.07081594323561,BUY
2023-01-09 04:00:00,1.07833,1.07833,1.07788,1.07801,5403,1.075054,1.074164,1.0757189374667604,69.67509025270726,0.0009358935061702,0.0004683576006359,1.0778034007603965,1.070524599239604,BUY
2023-01-09 05:00:00,1.07711,1.07711,1.07635,1.07669,2615,1.075425,1.0743175,1.0758954942909855,61.38613861386096,0.0009647154820204,0.0005676291769128,1.078115792552691,1.070519207447309,BUY
2023-01-09 06:00:00,1.07604,1.07651,1.07592,1.07651,6616,1.075813,1.07446,1.0760072226017154,57.628596338274455,0.0009619439191452,0.0006464921253593,1.0783667283391385,1.0705532716608614,BUY
2023-01-09 07:00:00,1.07518,1.07643,1.07518,1.07559,2207,1.076083,1.074646,1.0759313639468582,59.0705987488828,0.0008754198294949,0.0006922776661864,1.078384107598919,1.0709078924010813,BUY
2023-01-09 08:00:00,1.07809,1.07809,1.07699,1.07736,4870,1.0764520000000002,1.0749085,1.0761911159565205,64.91092176607336,0.0009388505874099,0.0007415922504311,1.078634094406837,1.071182905593163,BUY
2023-01-09 09:00:00,1.07664,1.07725,1.07664,1.07701,1385,1.076749,1.0751555,1.0763400039644258,65.82875098193219,0.0009499276702502,0.0007832593343949,1.0787411231932895,1.07156987680671,BUY
2023-01-09 10:00:00,1.07829,1.07943,1.07736,1.07811,4013,1.077036,1.0753785,1.076661821425439,70.3264094955488,0.001035530197601,0.0008337135070361,1.07912120532609,1.07163579467391,HOLD
2023-01-09 11:00:00,1.07897,1.07917,1.07882,1.07903,3930,1.07721,1.0756335,1.0770923993480863,71.71145685997178,0.0011641871042422,0.0008998082264774,1.0796459032698684,1.0716210967301314,HOLD
2023-01-09 12:00:00,1.07685,1.07726,1.07667,1.0772,3261,1.077179,1.0757555,1.0771119631029795,61.61948650427921,0.0011057366794826,0.0009409939170784,1.0798042891627329,1.071706710837267,BUY
2023-01-09 13:00:00,1.07851,1.07952,1.07829,1.0787,1348,1.0774209999999995,1.0760124999999998,1.0774006970842562,64.27696078431347,0.0011669993190073,0.0009861949974642,1.0801265113604288,1.0718984886395708,BUY
2023-01-09 14:00:00,1.07887,1.07982,1.07887,1.0793,2206,1.07755,1.076302,1.077746024887119,62.91348600508894,0.0012495612238314,0.0010388682427376,1.0804887741633378,1.072115225836662,BUY
2023-01-09 15:00:00,1.07945,1.0804,1.07945,1.07964,3077,1.0778450000000002,1.076635,1.0780903839985516,58.38686652391105,0.0013271289700744,0.001096520388205,1.0807683534238408,1.0725016465761592,BUY
2023-01-09 16:00:00,1.07979,1.08007,1.07975,1.07977,2098,1.078171,1.0769920000000002,1.0783957687260877,58.117816091953806,0.001383147814338,0.0011538458734316,1.0808958744587318,1.0730881255412683,BUY
2023-01-09 17:00:00,1.07897,1.07968,1.0789,1.07906,4340,1.078518,1.0773005,1.078516538048617,60.37313432835834,0.001354636677344,0.0011940040342141,1.0807929850148588,1.0738080149851412,BUY
2023-01-09 18:00:00,1.07869,1.07877,1.07812,1.07828,2128,1.0786099999999998,1.077531,1.0784735311306866,51.08433734939757,0.0012546392147152,0.0012061310703143,1.0805970854521796,1.0744649145478204,BUY
2023-01-09 19:00:00,1.07875,1.07978,1.07792,1.07858,2064,1.0787669999999998,1.077758,1.0784928891069252,58.26771653543378,0.0011859273654795,0.0012020903293473,1.0803752271385585,1.0751407728614415,HOLD
2023-01-09 20:00:00,1.07834,1.07845,1.07834,1.07838,4826,1.0787939999999998,1.077915,1.0784723638147569,58.16593886462773,0.0011026240378391,0.0011821970710457,1.080258658857892,1.075571341142108,HOLD
2023-01-09 21:00:00,1.08087,1.08156,1.07986,1.08077,2977,1.078968,1.078089,1.0788901158484374,70.04643962848206,0.0012154476525045,0.0011888471873374,1.0807345674946016,1.075443432505398,HOLD
2023-01-09 22:00:00,1.07972,1.08078,1.07899,1.0799,3961,1.079238,1.0782085,1.0790737311487215,60.56572379367683,0.0012205892576984,0.0011951956014096,1.0809578254675265,1.0754591745324735,BUY
2023-01-09 23:00:00,1.08147,1.08225,1.08127,1.08166,2700,1.079534,1.0784775,1.079543961848954,67.31198808637359,0.001351106592164,0.0012263777995605,1.0814740163984853,1.075480983601515,BUY
2023-01-10 00:00:00,1.08218,1.08275,1.08173,1.08191,1100,1.079795,1.0786725,1.0799741506036895,65.1033386327502,0.0014579095568632,0.001272684151021,1.0820271126923784,1.075317887307622,BUY
2023-01-10 01:00:00,1.08223,1.08269,1.08126,1.08232,7068,1.0800629999999998,1.078954,1.080400668675746,63.62883181441569,0.0015576792920906,0.0013296831792349,1.0825447155129326,1.0753632844870673,BUY
2023-01-10 02:00:00,1.08262,1.08296,1.08262,1.08292,3244,1.080378,1.0792745,1.0808587289165197,76.38376383763817,0.0016659583804643,0.0013969382194808,1.0830843071508145,1.075464692849185,HOLD
2023-01-10 03:00:00,1.08182,1.08225,1.08122,1.08139,1624,1.080611,1.0795645,1.0809553236589704,62.37350505979755,0.0016097558613215,0.0014395017478489,1.083063741872791,1.076065258127209,BUY
2023-01-10 04:00:00,1.08025,1.08038,1.07955,1.08021,9505,1.080804,1.079707,1.0808198102664304,53.97379912663719,0.0014532466983312,0.0014422507379454,1.083057193081644,1.076356806918356,BUY
2023-01-10 05:00:00,1.0808,1.08092,1.08044,1.08063,3988,1.081009,1.079888,1.0807852993088976,54.2931483087597,0.0013475686168051,0.0014233143137173,1.0830079163281765,1.0767680836718234,HOLD
2023-01-10 06:00:00,1.07995,1.0805,1.07879,1.07978,1716,1.081149,1.0799715,1.0806025176163707,50.04081632653088,0.0011816092239651,0.0013749732957669,1.0829783992596995,1.0769646007403002,HOLD
2023-01-10 07:00:00,1.07754,1.07791,1.07744,1.07746,2978,1.080818,1.079893,1.0800311507770306,44.22799422799514,0.0008530472013816,0.0012705880768898,1.083079974146524,1.076706025853476,HOLD
2023-01-10 08:00:00,1.07745,1.0776,1.07705,1.07755,3407,1.080583,1.0799105,1.079580032453934,47.228549734245,0.0005930849648685,0.0011350874544856,1.0830385091196666,1.0767824908803334,HOLD
2023-01-10 09:00:00,1.07751,1.07817,1.07751,1.07789,2498,1.080206,1.07987,1.079272753825946,47.38834216502627,0.0004097745520466,0.0009900248739978,1.0830837991946052,1.076656200805395,HOLD
2023-01-10 10:00:00,1.07808,1.07808,1.07734,1.07792,2943,1.0798070000000002,1.079801,1.0790267985848647,48.2361963190188,0.00026387864967,0.0008447956291322,1.0831237376157683,1.0764782623842315,HOLD
2023-01-10 11:00:00,1.07799,1.07916,1.07799,1.07881,3077,1.079456,1.0797595,1.0789873806603438,41.5077989601389,0.0002175627301479,0.0007193490493353,1.0831113100373382,1.0764076899626618,SELL
2023-01-10 12:00:00,1.07832,1.07832,1.07812,1.07815,2877,1.078979,1.0796785,1.0788351296311904,42.27714033539234,0.0001261464088113,0.0006007085212305,1.0831066698355154,1.0762503301644846,SELL
2023-01-10 13:00:00,1.07876,1.08023,1.07851,1.07867,2004,1.078707,1.079659,1.078805106061883,35.18334985133828,9.456785039874128e-05,0.0004994803870642,1.0831063660425988,1.076211633957401,SELL
2023-01-10 14:00:00,1.08081,1.08098,1.08021,1.08032,3210,1.0787179999999998,1.079761,1.0790805413233588,43.08093994778103,0.0002003730499282,0.000439658919637,1.0831569040343645,1.0763650959656357,SELL
2023-01-10 15:00:00,1.07984,1.08026,1.07974,1.07996,2093,1.078651,1.0798299999999998,1.07924044290093,39.68531468531536,0.0002522674592471,0.000402180627559,1.0831806448711727,1.076479355128827,SELL
2023-01-10 16:00:00,1.07954,1.07963,1.07945,1.07954,3708,1.078627,1.079888,1.0792949078280334,34.991119005328244,0.0002565463559014,0.0003730537732275,1.0831724680735852,1.076603531926415,SELL
2023-01-10 17:00:00,1.08049,1.0811,1.07959,1.08083,2685,1.078964,1.079891,1.0795740154956637,47.4591651542645,0.0003598811455207,0.0003704192476861,1.0831789678574562,1.0766030321425435,SELL
2023-01-10 18:00:00,1.07876,1.07947,1.07872,1.07935,3907,1.079144,1.0798635,1.079533285405543,46.20141342756245,0.0003186775630796,0.0003600709107648,1.0831603391560916,1.0765666608439086,SELL
2023-01-10 19:00:00,1.08004,1.08018,1.08004,1.08017,2958,1.079372,1.079789,1.0796490516954442,48.03754266211644,0.0003481770063173,0.0003576921298753,1.0829805671781614,1.0765974328218388,SELL
2023-01-10 20:00:00,1.07964,1.07979,1.07878,1.07958,2958,1.079538,1.0796725,1.079636496841727,49.12739965095996,0.0003202557495227,0.0003502048538048,1.0827041774929298,1.0766408225070705,SELL
2023-01-10 21:00:00,1.07982,1.08126,1.07909,1.0802,2921,1.079677,1.0795665,1.079738951961413,64.03688524590115,0.0003441891722675,0.0003490017174973,1.0823461953638611,1.0767868046361384,HOLD
2023-01-10 22:00:00,1.07949,1.08094,1.07928,1.08002,6220,1.079864,1.0794215,1.0797900516047925,62.53807106598925,0.0003446590713152,0.0003481331882609,1.0817266911668824,1.0771163088331177,HOLD
2023-01-10 23:00:00,1.07927,1.08041,1.07918,1.07979,2432,1.079976,1.0793415,1.079790042222103,59.753593429157874,0.0003227519087876,0.0003430569323662,1.081462763526168,1.077220236473832,HOLD
2023-01-11 00:00:00,1.08222,1.08245,1.08172,1.08212,5715,1.080156,1.079437,1.0802136709089931,67.44186046511581,0.000487779038901,0.0003720013536732,1.0818717147244712,1.0770022852755288,BUY
2023-01-11 01:00:00,1.08384,1.08445,1.08378,1.08381,7051,1.080541,1.079596,1.08086754892554,69.47040498442298,0.0007463298782899,0.0004468670585965,1.082685932038101,1.076506067961899,BUY
2023-01-11 02:00:00,1.0831,1.08351,1.08268,1.08341,5432,1.080928,1.0797775,1.08132981275726,70.90620031796513,0.0009084841840416,0.0005391904836855,1.0833079800627916,1.0762470199372085,HOLD
2023-01-11 03:00:00,1.08279,1.08295,1.08247,1.0827,2092,1.081115,1.0800395,1.0815789377104854,65.7791699295223,0.0009685368830316,0.0006250597635548,1.0836231674834125,1.0764558325165878,BUY
2023-01-11 04:00:00,1.08427,1.08427,1.08301,1.08378,2536,1.081558,1.0803509999999998,1.0819791308540334,64.18032786885254,0.00109070310722,0.0007181884322878,1.0841026531093263,1.0765993468906734,BUY
2023-01-11 05:00:00,1.08332,1.08386,1.08284,1.08351,3039,1.081892,1.080632,1.0822574706987549,64.65730800990885,0.0011524492588523,0.0008050405976007,1.084448841350492,1.076815158649508,BUY
2023-01-11 06:00:00,1.0829,1.08331,1.08278,1.08281,6401,1.082215,1.0808765,1.0823579305717084,63.19612590799084,0.0011318520926513,0.0008704028966108,1.0845868682609237,1.0771661317390764,BUY
2023-01-11 07:00:00,1.08354,1.08382,1.08317,1.08336,2683,1.082531,1.081104,1.0825401250132158,60.85836909871312,0.0011466907562529,0.0009256604685392,1.0848387494807956,1.0773692505192043,BUY
2023-01-11 08:00:00,1.08187,1.08329,1.08112,1.08223,2668,1.082752,1.081308,1.0824837386471766,62.74336283185828,0.0010551063387755,0.0009515496425865,1.0848012753443823,1.0778147246556171,BUY
2023-01-11 09:00:00,1.08203,1.08265,1.08144,1.08193,3404,1.082966,1.081471,1.0823830588931445,58.16326530612236,0.000947396537746,0.0009507190216184,1.0847432302068178,1.0781987697931823,HOLD
2023-01-11 10:00:00,1.08227,1.08227,1.08161,1.08175,3810,1.082929,1.0815425,1.082267957276209,60.46287367405982,0.0008378530008967,0.0009281458174741,1.0847710364127596,1.07831396358724,HOLD
2023-01-11 11:00:00,1.08265,1.08311,1.08227,1.08254,3026,1.082802,1.0816715,1.0823174195896257,61.1005692599621,0.0008055000532125,0.0009036166646217,1.084839406663978,1.0785035933360223,HOLD
2023-01-11 12:00:00,1.08317,1.08333,1.08269,1.08298,5536,1.082759,1.0818435,1.082437888755148,63.70370370370414,0.0008060725294916,0.0008841078375957,1.08489555556273,1.07879144443727,HOLD
2023-01-11 13:00:00,1.08238,1.08424,1.08238,1.083,3100,1.082789,1.081952,1.0825400907996665,65.15580736543896,0.0007989304806563,0.0008670723662078,1.0850066365103923,1.0788973634896075,HOLD
2023-01-11 14:00:00,1.08403,1.08403,1.08312,1.08381,2781,1.082792,1.082175,1.082770983381545,59.316427783902895,0.0008488456221027,0.0008634270173868,1.085077213311485,1.0792727866885148,HOLD
2023-01-11 15:00:00,1.08291,1.08294,1.08199,1.08249,2412,1.08269,1.082291,1.0827198954939916,42.41379310344828,0.0007729803269727,0.000845337679304,1.0850370432779384,1.079544956722062,HOLD
2023-01-11 16:00:00,1.08444,1.08451,1.08365,1.0843,5422,1.082839,1.082527,1.0830071872223568,54.40158259149382,0.0008491202772045,0.0008460941988841,1.085097734893924,1.079956265106076,BUY
2023-01-11 17:00:00,1.08349,1.08442,1.08303,1.08363,1977,1.082866,1.0826985,1.0831204259092009,54.61767626613751,0.000845650206563,0.0008460054004199,1.0850651389669956,1.0803318610330044,HOLD
2023-01-11 18:00:00,1.08581,1.08581,1.08538,1.08551,1466,1.0831940000000002,1.082973,1.0835548939257098,57.95768169273238,0.000983265960829,0.0008734575125017,1.0853048309950717,1.0806411690049282,BUY
2023-01-11 19:00:00,1.08365,1.08423,1.08328,1.08359,1962,1.08336,1.083163,1.0835612768483078,50.3194888178917,0.0009267168684641,0.0008841093836942,1.0849609532223,1.0813650467777003,BUY
2023-01-11 20:00:00,1.08363,1.08363,1.08215,1.08298,8356,1.083483,1.083206,1.0834555901486154,50.683829444891416,0.0008231901793636,0.000871925542828,1.08493888199255,1.0814731180074495,HOLD
2023-01-11 21:00:00,1.08429,1.08463,1.08384,1.08429,5745,1.083658,1.08323,1.0836073010306853,53.52539802880928,0.0008371998653462,0.0008649804073317,1.0850107390541717,1.0814492609458282,HOLD
2023-01-11 22:00:00,1.08442,1.08442,1.08373,1.08411,3115,1.083771,1.083265,1.083698700843288,57.67973856209113,0.0008242764014825,0.0008568396061618,1.0850876585556906,1.0814423414443095,HOLD
2023-01-11 23:00:00,1.08543,1.08594,1.08523,1.08571,2786,1.084042,1.0834155,1.0840643915990538,63.95864106351524,0.0009323930448772,0.0008719502939049,1.0855174136644348,1.081313586335565,BUY
2023-01-12 00:00:00,1.08796,1.08796,1.0868,1.08735,5489,1.084396,1.0835940000000002,1.0846617749446803,68.66666666666696,0.0011373004658288,0.0009250203282897,1.0863353358249896,1.0808526641750107,BUY
2023-01-12 01:00:00,1.08838,1.08861,1.08782,1.08799,1131,1.084946,1.0838180000000002,1.08526690677292,68.35016835016843,0.0013359339099838,0.0010072030446285,1.0871900248485231,1.080445975151477,BUY
2023-01-12 02:00:00,1.08688,1.08806,1.08688,1.08745,3503,1.085261,1.08405,1.0856638328142074,64.94983277591984,0.0014332571621284,0.0010924138681285,1.0877523179083983,1.0803476820916014,BUY
2023-01-12 03:00:00,1.08717,1.08785,1.08717,1.08729,3644,1.085627,1.0842465,1.0859594995752606,64.21471172962285,0.001480410625636,0.00117001321963,1.0882030603083737,1.0802899396916266,BUY
2023-01-12 04:00:00,1.0866,1.08758,1.08601,1.08602,6840,1.085678,1.084436,1.085970499652486,57.10610932475901,0.0013991729047302,0.00121584515665,1.0883487075024991,1.0805232924975006,BUY
2023-01-12 05:00:00,1.08565,1.08572,1.08493,1.08552,2237,1.085871,1.0846155000000002,1.0858885906247613,60.28513238289242,0.0012796940874422,0.0012286149428085,1.0883703479540472,1.0808606520459532,BUY
2023-01-12 06:00:00,1.08515,1.08553,1.08494,1.08542,2661,1.086115,1.084799,1.0858033923293502,54.3010752688173,0.0011635247110777,0.0012155968964623,1.0883153491833244,1.0812826508166755,HOLD
2023-01-12 07:00:00,1.08564,1.08598,1.08496,1.08581,2960,1.086267,1.0849625,1.0858045937240135,58.55572998430099,0.0010903603881586,0.0011905495948016,1.0883378526131766,1.0815871473868237,HOLD
2023-01-12 08:00:00,1.08309,1.08366,1.08278,1.08318,3082,1.086174,1.0849725,1.085327394865102,41.36397331356568,0.0008108115837275,0.0011146019925868,1.088324224615009,1.0816207753849911,HOLD
2023-01-12 09:00:00,1.08403,1.08403,1.08341,1.08374,1882,1.0859770000000002,1.0850095,1.0850387776169017,50.61830173124434,0.0006272242117804,0.0010171264364255,1.0882850134591653,1.0817339865408346,HOLD
2023-01-12 10:00:00,1.08416,1.08528,1.08416,1.0846,3763,1.085702,1.085049,1.084958999868374,56.54281098546033,0.0005448440860464,0.0009226699663497,1.0882823909201065,1.0818156090798936,HOLD
2023-01-12 11:00:00,1.08442,1.085,1.08439,1.08456,2273,1.085359,1.0851525,1.0848864544377603,51.21512151215118,0.0004709013198898,0.0008323162370577,1.0881660404951503,1.0821389595048496,HOLD
2023-01-12 12:00:00,1.0848,1.0854,1.08423,1.08478,3693,1.085092,1.0851765,1.08486709908544,53.0044843049335,0.0004251524139848,0.0007508834724431,1.0881690259529484,1.0821839740470516,SELL
2023-01-12 13:00:00,1.08551,1.08574,1.08455,1.08553,1969,1.0849160000000002,1.0852715,1.084987626524451,49.12621359223375,0.0004442932721619,0.0006895654323869,1.0881766698021065,1.0823663301978936,SELL
2023-01-12 14:00:00,1.08568,1.0865,1.08472,1.08601,4062,1.084915,1.0852965,1.0851735126109143,42.6695842450757,0.0004925170981167,0.0006501557655328,1.0882188658404428,1.0823741341595574,SELL
2023-01-12 15:00:00,1.08803,1.089,1.08803,1.08824,2894,1.085187,1.085529,1.085731055772566,51.16495806151019,0.0007025783053675,0.0006606402734998,1.0886150289591914,1.0824429710408086,HOLD
2023-01-12 16:00:00,1.08723,1.08797,1.08723,1.08754,3169,1.085399,1.085757,1.0860599547230083,50.41322314049552,0.0008033091280814,0.0006891740444161,1.0887214923236483,1.0827925076763518,HOLD
2023-01-12 17:00:00,1.08941,1.0895,1.08903,1.0893,2933,1.0857480000000002,1.0860075,1.0866490538642797,58.04643714971908,0.0010134736287481,0.0007540339612825,1.0892806692351962,1.082734330764804,HOLD
2023-01-12 18:00:00,1.09131,1.09131,1.09017,1.09027,3461,1.086457,1.0863155,1.087307407707138,67.43232157506168,0.001243961785923,0.0008520195262106,1.089973537869236,1.082657462130764,BUY
2023-01-12 19:00:00,1.08885,1.09016,1.08885,1.08945,3295,1.087028,1.0865025,1.0876969699422037,65.70743405275745,0.0013449543673456,0.0009506064944376,1.0904044556500392,1.0826005443499611,BUY
2023-01-12 20:00:00,1.09191,1.09208,1.09124,1.09149,3083,1.087717,1.0867095,1.0883866117708938,71.0034602076121,0.0015714875366386,0.0010747827028778,1.0911962030446267,1.0822227969553733,HOLD
2023-01-12 21:00:00,1.09269,1.09296,1.09206,1.09242,2406,1.088503,1.086931,1.0891199550852766,72.04803202134717,0.0018052501332452,0.0012208761889513,1.0920733684897477,1.0817886315102525,HOLD
2023-01-12 22:00:00,1.09219,1.09227,1.09153,1.09205,8360,1.08923,1.087161,1.0896526905243171,84.83896307933891,0.0019383091461624,0.0013643627803935,1.0927896032669733,1.0815323967330268,HOLD
2023-01-12 23:00:00,1.09106,1.09106,1.09076,1.09089,2989,1.089766,1.087341,1.089877655883532,76.81920480119923,0.0019279330549017,0.0014770768352951,1.0932120060108204,1.0814699939891794,HOLD
2023-01-13 00:00:00,1.09005,1.09005,1.08963,1.08973,5397,1.090138,1.0875265,1.0898508093592536,68.81878209831248,0.001805297279072,0.0015427209240505,1.0934559173850775,1.0815970826149226,BUY
2023-01-13 01:00:00,1.09264,1.09299,1.09222,1.09255,3470,1.090569,1.087878,1.0903415712939346,74.34491163924413,0.0019135991951135,0.0016168965782631,1.0941312336056206,1.0816247663943792,HOLD
2023-01-13 02:00:00,1.09141,1.09207,1.09073,1.09145,1031,1.09096,1.0881795,1.0905431037859463,69.28860613071149,0.0018888944376518,0.0016712961501409,1.0945146699183912,1.081844330081609,BUY
2023-01-13 03:00:00,1.09097,1.09106,1.09025,1.09079,1958,1.091109,1.0884285,1.0905879940066832,65.29069767441818,0.001795363423257,0.0016961096047641,1.0947630079151005,1.0820939920848998,BUY
2023-01-13 04:00:00,1.09022,1.09073,1.09022,1.09053,6685,1.091135,1.088796,1.0905774496418317,63.30977620730295,0.0016808834157024,0.0016930643669518,1.0946856319248897,1.08290636807511,HOLD
2023-01-13 05:00:00,1.09014,1.091,1.0895,1.09017,5500,1.091207,1.0891175,1.0905033678887712,56.38649900728002,0.0015433177868129,0.001663115050924,1.094527517511417,1.0837074824885828,HOLD
2023-01-13 06:00:00,1.08958,1.08958,1.08855,1.08919,2363,1.090977,1.089347,1.0902645737271766,55.36062378167705,0.0013397741426763,0.0015984468692745,1.094322062443422,1.084371937556578,HOLD
2023-01-13 07:00:00,1.08924,1.08963,1.08912,1.08941,4397,1.090676,1.0895895,1.0901091966858716,50.397111913357605,0.0011825844027668,0.0015152743759729,1.0940257358392236,1.0851532641607764,HOLD
2023-01-13 08:00:00,1.08932,1.0906,1.089,1.08955,3854,1.090426,1.089828,1.0900075245611676,47.23502304147432,0.0010571213939742,0.0014236437795732,1.0936452329465964,1.0860107670534036,HOLD
2023-01-13 09:00:00,1.08935,1.09014,1.08935,1.08974,4523,1.090311,1.0900385,1.0899588837318643,51.17029862792542,0.0009619338925672,0.001331301802172,1.0932784563025242,1.0867985436974756,HOLD
2023-01-13 10:00:00,1.09016,1.09151,1.09016,1.09047,5185,1.090385,1.0902615,1.0900518139624344,45.39711191335702,0.000934628198957,0.001251967081529,1.0928902901960598,1.0876327098039402,HOLD
2023-01-13 11:00:00,1.09028,1.09048,1.09028,1.09034,1860,1.090164,1.0903665,1.09010421142381,39.88326848249037,0.0008922134452857,0.0011800163542803,1.0928170318434889,1.0879159681565111,SELL
2023-01-13 12:00:00,1.09056,1.09081,1.09032,1.09071,3852,1.09009,1.090525,1.090214354801299,43.48249027237366,0.0008783305078476,0.0011196791849938,1.0925846729429067,1.0884653270570932,SELL
2023-01-13 13:00:00,1.09064,1.09091,1.09014,1.09042,2457,1.090053,1.0905809999999998,1.0902517448374265,47.502656748140296,0.0008343101949506,0.0010626053869852,1.092559749206245,1.0886022507937545,SELL
2023-01-13 14:00:00,1.09071,1.09183,1.0907,1.09082,2952,1.090082,1.0906085,1.0903550639578945,56.300578034681294,0.000822222369234,0.0010145287834349,1.092584335865801,1.0886326641341992,SELL
2023-01-13 15:00:00,1.09084,1.09137,1.09007,1.09049,1935,1.0901140000000002,1.0906604999999998,1.0903795977837316,33.279220779220424,0.0007770570086957,0.0009670344284871,1.0925612751881677,1.088759724811832,SELL
2023-01-13 16:00:00,1.09147,1.09246,1.09147,1.09153,3087,1.090348,1.0906625,1.0905887618230532,50.65573770491689,0.0008157786548985,0.0009367832737694,1.0925670306094335,1.0887579693905665,SELL
2023-01-13 17:00:00,1.09288,1.09299,1.09216,1.0928,4109,1.090687,1.0906815,1.0909908051279524,64.97764530551517,0.0009381300454573,0.000937052628107,1.0926657673313518,1.0886972326686484,BUY
2023-01-13 18:00:00,1.09323,1.09355,1.09153,1.093,2149,1.091032,1.090729,1.0913561132865064,68.57142857142887,0.0010392528723004,0.0009574926769457,1.09288891130426,1.0885690886957402,BUY
2023-01-13 19:00:00,1.09169,1.09169,1.09088,1.091,1708,1.091158,1.0907345,1.0912913654162324,55.00603136308743,0.0009470926611681,0.0009554126737901,1.0928966964953202,1.0885723035046797,HOLD
2023-01-13 20:00:00,1.09227,1.0932,1.09227,1.09279,2635,1.09139,1.0908875,1.0915638444314628,69.78021978021907,0.0010068863115781,0.0009657074013477,1.0931795721491713,1.0885954278508287,BUY
2023-01-13 21:00:00,1.09236,1.09236,1.09179,1.09187,4046,1.0915430000000002,1.0908535,1.0916195090802876,62.55102040816276,0.0009688683874085,0.0009663395985599,1.093060324582292,1.0886466754177084,BUY
2023-01-13 22:00:00,1.09076,1.0913,1.09076,1.09119,2195,1.0915909999999998,1.0908405,1.0915414165202353,57.93036750483616,0.0008737960150546,0.0009478308818588,1.093035561202877,1.0886454387971232,HOLD
2023-01-13 23:00:00,1.0913,1.0913,1.09002,1.09115,1603,1.091664,1.0908585,1.0914702498801925,56.91854759568275,0.0007861604411016,0.0009154967937074,1.0930577178035683,1.0886592821964314,HOLD
2023-01-14 00:00:00,1.09099,1.09204,1.09099,1.09124,3496,1.0917059999999998,1.090894,1.091428386265612,54.03141361256523,0.0007157204849721,0.0008755415319603,1.0930938124322331,1.088694187567767,HOLD
2023-01-14 01:00:00,1.09245,1.09291,1.09245,1.0927,2704,1.091927,1.0910205,1.0916595887627734,60.84558823529396,0.0007688433628194,0.0008542018981321,1.0933330968543375,1.0887079031456623,HOLD
2023-01-14 02:00:00,1.09236,1.09279,1.09177,1.09235,7712,1.092009,1.0911785,1.0917851180786329,57.55064456721861,0.0007737818755164,0.000838117893609,1.0933942833354462,1.088962716664554,HOLD
2023-01-14 03:00:00,1.09184,1.09251,1.09184,1.09229,1177,1.091958,1.0913225,1.0918769147916083,58.795860771402126,0.0007640467287632,0.0008233036606398,1.0934258394500824,1.0892191605499175,HOLD
2023-01-14 04:00:00,1.09287,1.09287,1.09172,1.09258,2341,1.091916,1.091474,1.0920047484658617,58.36501901140793,0.0007708462949396,0.0008128121874998,1.0934737199804396,1.0894742800195605,HOLD
2023-01-14 05:00:00,1.09251,1.09282,1.0924,1.09274,3538,1.09209,1.091624,1.0921384305629775,60.86956521739186,0.0007801525499786,0.0008062802599956,1.093523622123133,1.0897243778768668,HOLD
2023-01-14 06:00:00,1.09007,1.09078,1.09007,1.09039,2791,1.09185,1.09162,1.0918205340969815,45.111492281303946,0.0005910887606219,0.0007632419601208,1.0935301611946755,1.0897098388053246,HOLD
2023-01-14 07:00:00,1.09087,1.09087,1.09038,1.09047,5316,1.09171,1.0916264999999998,1.0915749824429848,38.87297039159528,0.0004426075722583,0.0006991150825483,1.0935191258562509,1.089733874143749,HOLD
2023-01-14 08:00:00,1.09044,1.09044,1.08998,1.09037,4800,1.091628,1.0916095,1.0913558947260784,37.31918997107081,0.0003132549879591,0.0006219430636305,1.093542465815082,1.089676534184918,HOLD
2023-01-14 09:00:00,1.09012,1.09071,1.09012,1.09068,2158,1.091581,1.0916225000000002,1.0912330047758825,48.15668202765048,0.0002330698579477,0.0005441684224939,1.0935250398536975,1.0897199601463028,SELL
2023-01-14 10:00:00,1.08974,1.09013,1.08974,1.09008,5613,1.091465,1.0915855,1.0910233675439036,31.909212283044653,0.0001197274357682,0.0004592802251488,1.093580298235454,1.0895907017645463,SELL
2023-01-14 11:00:00,1.08974,1.08974,1.08868,1.08914,2053,1.091109,1.0915180000000002,1.0906809370813757,31.824234354195383,-4.542377745808679e-05,0.0003583394246274,1.0937465477924713,1.0892894522075292,SELL
2023-01-14 12:00:00,1.09014,1.09059,1.08947,1.09023,3443,1.090897,1.091453,1.0905989485211256,43.939393939393774,-8.734653679520754e-05,0.0002692022323429,1.093754707375466,1.089151292624534,SELL
2023-01-14 13:00:00,1.08991,1.0915,1.08991,1.09051,5354,1.090719,1.0913385000000002,1.0905827760627391,46.07843137254937,-9.686041904766184e-05,0.0001959897020648,1.093585249933421,1.089091750066579,SELL
2023-01-14 14:00:00,1.0915,1.09225,1.09104,1.09164,1714,1.090625,1.0912705,1.0907749985967865,52.173913043477945,-1.3068042817421244e-05,0.0001541781530883,1.0933838806791265,1.0891571193208736,SELL
2023-01-14 15:00:00,1.09142,1.09193,1.09117,1.0914,2749,1.090491,1.0912905,1.090888635215553,41.85463659147853,3.358487921834019e-05,0.0001300594983143,1.093400670609256,1.0891803293907438,SELL
2023-01-14 16:00:00,1.09052,1.0909,1.08987,1.09079,4829,1.090531,1.0911905,1.0908707015399977,40.533980582524514,2.1092611534490047e-05,0.0001082661209583,1.0931880192509866,1.0891929807490133,SELL
2023-01-14 17:00:00,1.09253,1.09358,1.0923,1.09255,1680,1.090739,1.0912245,1.0911760285327252,51.30784708249456,0.0001514637110808,0.0001169056389828,1.093292618646744,1.089156381353256,HOLD
2023-01-14 18:00:00,1.09311,1.09315,1.09291,1.09315,2852,1.091017,1.0913225,1.091534932435866,52.78048780487776,0.0002997434761262,0.0001534732064115,1.0935623578432712,1.0890826421567288,HOLD
2023-01-14 19:00:00,1.09271,1.09373,1.09255,1.09274,3342,1.0912229999999998,1.091402,1.091754035629345,50.0,0.0003797946484425,0.0001987374948177,1.0937273169563604,1.0890766830436396,HOLD
2023-01-14 20:00:00,1.09417,1.09423,1.09397,1.09402,1359,1.091617,1.091541,1.0921660291512822,69.24708377518513,0.0005402929213575,0.0002670485801257,1.0941416064070482,1.0889403935929516,BUY
2023-01-14 21:00:00,1.09331,1.09331,1.09215,1.09279,3378,1.091982,1.0915455,1.0922794783965035,60.96408317580256,0.0005617625890677,0.0003259913819141,1.0941548473675191,1.0889361526324808,BUY
2023-01-14 22:00:00,1.09062,1.09112,1.09039,1.09082,2740,1.092041,1.091469,1.0920141186880483,51.807228915661966,0.0004150307037797,0.0003437992462872,1.0940687319700229,1.0888692680299772,BUY
2023-01-14 23:00:00,1.09062,1.09062,1.09004,1.09031,1197,1.092021,1.09137,1.091704278926585,48.53754940711385,0.0002546563696794,0.0003259706709656,1.0939888225558667,1.0887511774441332,HOLD
2023-01-15 00:00:00,1.09248,1.09307,1.09119,1.09257,5169,1.092114,1.0913695,1.091861682758115,58.70020964360607,0.0003063897960147,0.0003220544959755,1.0939873534799096,1.0887516465200906,HOLD
2023-01-15 01:00:00,1.0947,1.09495,1.09401,1.09471,2244,1.092445,1.091468,1.0923795586202758,67.95615731785927,0.0005141423118497,0.0003604720591503,1.0944287651927307,1.0885072348072695,BUY
2023-01-15 02:00:00,1.09502,1.09524,1.09439,1.09499,3477,1.092865,1.091698,1.0928541843256805,66.1904761904756,0.0006933883876538,0.000427055324851,1.095001061418898,1.088394938581102,BUY
2023-01-15 03:00:00,1.09452,1.09492,1.09408,1.09456,1658,1.093066,1.0919025000000002,1.093164332630102,63.63636363636323,0.0007916194910597,0.0004999681580927,1.0953869066171813,1.0884180933828191,BUY
2023-01-15 04:00:00,1.09621,1.09621,1.09482,1.09579,1895,1.09333,1.0921735,1.0936417266973562,63.87959866220746,0.0009576795351406,0.0005915104335023,1.0959838862216404,1.0883631137783594,BUY
2023-01-15 05:00:00,1.09597,1.09597,1.09375,1.09507,2604,1.093563,1.092393,1.0939014127523825,61.89241736876214,0.0010194339339488,0.0006770951335916,1.0963443094432053,1.0884416905567946,BUY
2023-01-15 06:00:00,1.09523,1.09523,1.09473,1.09501,3935,1.093662,1.0926395,1.094102974070131,64.18010752688188,0.0010514132044232,0.0007519587477579,1.0965983540341029,1.088680645965897,BUY
2023-01-15 07:00:00,1.09507,1.09575,1.095,1.09511,4923,1.093894,1.0929379999999995,1.094286069693743,59.68229954614249,0.0010724634795307,0.0008160596941125,1.0966802008722938,1.0891957991277057,BUY
2023-01-15 08:00:00,1.0957,1.09594,1.0957,1.09583,5229,1.094395,1.093218,1.094566784294881,60.04497751124433,0.0011341699517142,0.0008796817456328,1.0969450482182594,1.0894909517817406,BUY
2023-01-15 09:00:00,1.09725,1.09725,1.09646,1.09687,2285,1.0950510000000002,1.0935359999999998,1.0949855507867208,64.78167501789534,0.0012525534276222,0.0009542560820307,1.0973738469841647,1.089698153015835,BUY
2023-01-15 10:00:00,1.09808,1.0982,1.09752,1.09791,2163,1.095585,1.0938495,1.0955172688254986,64.16605972323359,0.0014139928639873,0.001046203438422,1.0980430914767494,1.0896559085232504,BUY
2023-01-15 11:00:00,1.09858,1.09877,1.09774,1.09839,3732,1.095953,1.094199,1.0960395835844987,71.57164869029296,0.0015626534723762,0.0011494934452129,1.098687759763087,1.0897102402369132,HOLD
2023-01-15 12:00:00,1.09811,1.09884,1.09811,1.09836,2126,1.0962900000000002,1.0945775000000002,1.0964614774782262,84.14855072463834,0.001658924279833,0.0012513796121369,1.099132080690178,1.0900229193098223,HOLD
2023-01-15 13:00:00,1.09821,1.09826,1.09813,1.0982,4041,1.096654,1.09486,1.096777572482185,86.90364826941195,0.0017026814733696,0.0013416399843834,1.0995828581890492,1.090137141810951,HOLD
2023-01-15 14:00:00,1.09851,1.09865,1.09784,1.0982,1334,1.096895,1.0951125000000002,1.0970361956672423,83.39264531435477,0.0017175603973842,0.0014168240669836,1.0999879373623165,1.0902370626376838,HOLD
2023-01-15 15:00:00,1.09731,1.09784,1.09702,1.09736,4231,1.097124,1.0953435,1.0970950691822892,68.58345021037778,0.0016426357891632,0.0014619864114195,1.1001832967552123,1.0905037032447875,BUY
2023-01-15 16:00:00,1.09667,1.09817,1.09667,1.09707,3071,1.09733,1.095496,1.0970905111491456,64.56582633053294,0.0015420807737289,0.0014780052838814,1.10035238548719,1.09063961451281,BUY
2023-01-15 17:00:00,1.09738,1.09785,1.09719,1.09738,4923,1.097557,1.0957255,1.0971431454856646,70.08547008547033,0.0014704541288874,0.0014764950528826,1.1004761209012672,1.0909748790987326,HOLD
2023-01-15 18:00:00,1.09919,1.10004,1.09919,1.09935,4462,1.097909,1.096152,1.0975443917609984,72.93814432989699,0.0015547300723435,0.0014921420567748,1.100568116893974,1.091735883106026,HOLD
2023-01-15 19:00:00,1.0979,1.09841,1.09753,1.09828,3079,1.09805,1.0965505,1.097678138713544,69.79038224414248,0.0015176843861925,0.0014972505226583,1.100100393845734,1.093000606154266,BUY
2023-01-15 20:00:00,1.09812,1.09923,1.09787,1.09826,2293,1.098085,1.096835,1.0977839316747176,70.13630731102829,0.0014697689980551,0.0014917542177377,1.0999237742416668,1.0937462257583332,HOLD
2023-01-15 21:00:00,1.09874,1.09877,1.09841,1.09842,1778,1.0980880000000002,1.0970205,1.0978995804611325,70.35670356703528,0.0014282424803058,0.0014790518702513,1.1000161422736658,1.094024857726334,HOLD
2023-01-15 22:00:00,1.09923,1.09981,1.09897,1.09933,1520,1.098185,1.0972375,1.0981596567409264,71.03365384615316,0.0014520237842878,0.0014736462530586,1.1002425825367743,1.0942324174632252,HOLD
2023-01-15 23:00:00,1.09838,1.09899,1.09806,1.09843,4781,1.098208,1.0974309999999998,1.098208810060758,59.53545232273859,0.0013823137086692,0.0014553797441807,1.1001992097578317,1.094662790242168,HOLD
2023-01-16 00:00:00,1.09867,1.09891,1.09867,1.09886,880,1.098274,1.0975845000000002,1.0983272082315292,56.27476882430663,0.001346246684083,0.0014335531321612,1.100309707669574,1.0948592923304263,HOLD
2023-01-16 01:00:00,1.09877,1.099,1.09826,1.09871,3084,1.098409,1.0977665,1.0983968067348877,52.20994475138198,0.0012906813892181,0.0014049787835726,1.1002610690483612,1.0952719309516386,HOLD
2023-01-16 02:00:00,1.0987,1.09892,1.09847,1.09881,4055,1.098583,1.0979565,1.09847193278309,53.077975376197536,0.001240415914447,0.0013720662097474,1.100124557826038,1.095788442173962,HOLD
2023-01-16 03:00:00,1.0992,1.10035,1.0992,1.10013,3006,1.098858,1.0982075,1.0987733995498008,61.393152302243465,0.001292197483621,0.0013560924645222,1.100137254552212,1.096277745447788,HOLD
2023-01-16 04:00:00,1.09948,1.1002,1.09925,1.09952,2376,1.098875,1.098392,1.0989091450862003,57.26872246696048,0.0012693802231891,0.0013387500162555,1.1000513035952648,1.0967326964047353,HOLD
2023-01-16 05:00:00,1.101,1.10134,1.10086,1.10112,8534,1.099159,1.0986045,1.0993111187068914,69.10569105691235,0.0013646729083414,0.0013439345946727,1.1005129573544865,1.0966960426455137,BUY
2023-01-16 06:00:00,1.10213,1.10245,1.101,1.10186,3598,1.099519,1.098802,1.0997745516692747,73.27502429543351,0.0014828119305165,0.0013717100618415,1.101170046941258,1.096433953058742,HOLD
2023-01-16 07:00:00,1.10138,1.10146,1.10011,1.10087,2037,1.099764,1.098926,1.099973724093043,65.90701914311799,0.0014794984928419,0.0013932677480415,1.101457306298961,1.0963946937010391,BUY
2023-01-16 08:00:00,1.10045,1.10084,1.1002,1.1005,3042,1.099881,1.099033,1.1000694106215805,56.13660618996812,0.001430526443463,0.0014007194871258,1.1016432558858638,1.096422744114136,BUY
2023-01-16 09:00:00,1.09933,1.10024,1.09878,1.0994,796,1.099978,1.099093,1.0999476995994748,55.95744680851093,0.0012881064453065,0.001378196878762,1.101677676300654,1.0965083236993465,HOLD
2023-01-16 10:00:00,1.10197,1.10249,1.10197,1.10205,3014,1.100297,1.0992855,1.100329936035934,65.75228595178734,0.0013732405613342,0.0013772056152764,1.1021486192044978,1.096422380795502,HOLD
2023-01-16 11:00:00,1.1027,1.10324,1.10226,1.10266,6462,1.100692,1.0995505,1.1007535840294005,66.98717948717982,0.001472952583164,0.0013963550088539,1.1026357141442709,1.0964652858557289,BUY
2023-01-16 12:00:00,1.10321,1.10373,1.1032,1.1034,3136,1.101151,1.0998670000000002,1.1012347505695097,66.53127538586546,0.0015933200921969,0.0014357480255225,1.103171714973013,1.0965622850269874,BUY
2023-01-16 13:00:00,1.10533,1.10565,1.10436,1.10511,4181,1.101649,1.1002535,1.1019393413750531,75.45731707317077,0.0018058778831233,0.0015097739970427,1.104097611149088,1.096409388850912,HOLD
2023-01-16 14:00:00,1.10279,1.1038,1.10279,1.10334,2730,1.102031,1.100453,1.1021940065795888,65.49100968188104,0.0018106353787707,0.0015699462733883,1.104508037672642,1.096397962327358,BUY
2023-01-16 15:00:00,1.1051,1.10547,1.1051,1.10517,2153,1.102436,1.1007975,1.1027350962923907,70.01239157372925,0.0019397116459731,0.0016438993479053,1.1052285002435265,1.096366499756474,HOLD
2023-01-16 16:00:00,1.10494,1.10494,1.10405,1.10476,1710,1.102726,1.1011225,1.103103260602865,68.0851063829781,0.0019860282468184,0.0017123251276879,1.1057202196865432,1.0965247803134568,BUY
2023-01-16 17:00:00,1.10464,1.10575,1.10416,1.10503,4556,1.1031419999999998,1.101453,1.1034535768568894,65.90909090909028,0.0020212218429587,0.0017741044707421,1.106181209185887,1.0967247908141131,BUY
2023-01-16 18:00:00,1.10475,1.10503,1.10423,1.10477,2540,1.103569,1.101725,1.103692926519273,67.44186046511594,0.0020050205653709,0.0018202876896678,1.106563583959909,1.096886416040091,BUY
2023-01-16 19:00:00,1.10495,1.10554,1.10485,1.10494,3992,1.104123,1.1020505,1.1039196671521323,64.02349486049883,0.0019830392730688,0.001852838006348,1.1068313102154386,1.0972696897845615,BUY
2023-01-16 20:00:00,1.10706,1.10718,1.10706,1.10717,2723,1.104635,1.102466,1.1045106367608355,67.57114493712729,0.0021211104625977,0.001906492497598,1.1075161460114633,1.0974158539885366,BUY
2023-01-16 21:00:00,1.10863,1.10901,1.10863,1.10869,1609,1.105238,1.1029649999999998,1.1052705209861382,74.99999999999964,0.0023263672582387,0.0019904674497261,1.1084093500409766,1.0975206499590229,HOLD
2023-01-16 22:00:00,1.10837,1.10854,1.10733,1.10822,8202,1.10572,1.1034355000000002,1.1058067898977493,74.52350698856387,0.0024231768017384,0.0020770093201286,1.108993199164247,1.0978778008357537,HOLD
2023-01-16 23:00:00,1.10689,1.10689,1.10669,1.10671,2229,1.1058800000000002,1.1037645,1.1059710099163402,72.63157894736905,0.0023509543437767,0.0021317983248582,1.1092771513823598,1.0982518486176402,HOLD
2023-01-17 00:00:00,1.10734,1.10734,1.10682,1.10718,7347,1.106264,1.1041475,1.1061908262951874,68.36077308518306,0.0023050711719403,0.0021664528942746,1.1094799305705518,1.0988150694294485,BUY
2023-01-17 01:00:00,1.10704,1.10774,1.10632,1.10697,1633,1.1064440000000002,1.10444,1.106332494241517,65.88061901252793,0.0022261020638412,0.0021783827281879,1.109714666365131,1.0991653336348692,BUY
2023-01-17 02:00:00,1.10682,1.10682,1.10593,1.10662,4633,1.10663,1.104678,1.1063847680157863,62.215477996965134,0.0021109427675944,0.0021648947360692,1.1098917090545553,1.0994642909454448,HOLD
2023-01-17 03:00:00,1.10611,1.10621,1.10564,1.10612,2337,1.106739,1.1049405,1.1063366283765523,54.21888053466989,0.0019567758800209,0.0021232709648596,1.109867728216252,1.1000132717837483,HOLD
2023-01-17 04:00:00,1.10566,1.10608,1.10531,1.10572,2154,1.106834,1.1052015,1.10622451412627,61.22641509434015,0.0017817815848566,0.002054973088859,1.1096700015739154,1.1007329984260843,HOLD
2023-01-17 05:00:00,1.10722,1.10732,1.1071,1.10719,3999,1.107059,1.105591,1.1064000570124026,59.863281249999964,0.0017416375463674,0.0019923059803607,1.1092069931299835,1.1019750068700165,HOLD
2023-01-17 06:00:00,1.10672,1.10687,1.10534,1.10643,1626,1.106985,1.1058100000000002,1.1064055011919658,57.8847969782821,0.0016297111624075,0.00191978701677,1.1090321013085267,1.1025878986914737,HOLD
2023-01-17 07:00:00,1.10731,1.10808,1.10722,1.10724,2711,1.10684,1.106039,1.106557228247972,59.92812219227386,0.001588062728679,0.0018534421591518,1.108954937332424,1.103123062667576,HOLD
2023-01-17 08:00:00,1.10683,1.10768,1.10626,1.10735,6691,1.106753,1.1062365,1.1067013685665226,61.74863387978203,0.0015461095372546,0.0017919756347724,1.108926131358089,1.1035468686419112,HOLD
2023-01-17 09:00:00,1.10794,1.10794,1.10731,1.10747,2434,1.106829,1.1063545,1.1068411197362458,61.57365050320243,0.0015051933954004,0.001734619186898,1.1090431151787228,1.103665884821277,HOLD
2023-01-17 10:00:00,1.10598,1.10598,1.10517,1.10586,4644,1.106697,1.1064805,1.1066627343296556,43.64694471387002,0.0013275503395844,0.0016532054174353,1.1087827138087862,1.1041782861912135,HOLD
2023-01-17 11:00:00,1.10582,1.10582,1.105,1.1054,2478,1.10654,1.106492,1.106433146269718,32.216216216215244,0.0011365473717559,0.0015498738082994,1.108768808477325,1.104215191522675,HOLD
2023-01-17 12:00:00,1.10716,1.10736,1.10639,1.10676,1225,1.1065539999999998,1.106592,1.1064925742206784,42.80078895463473,0.0010824390935797,0.0014563868653554,1.1087192824275662,1.1044647175724338,SELL
2023-01-17 13:00:00,1.10687,1.1075,1.1057,1.10712,1787,1.106654,1.1066965,1.1066066516351003,52.2803114571748,0.0010564290284151,0.0013763952979674,1.1087025883646124,1.1046904116353875,SELL
2023-01-17 14:00:00,1.10802,1.1085,1.1075,1.10787,1257,1.106869,1.1068515,1.1068363513378092,53.7216828478958,0.0010838407548141,0.0013178843893367,1.108704012092525,1.1049989879074749,HOLD
2023-01-17 15:00:00,1.10697,1.1076,1.1068,1.10712,1689,1.106862,1.1069605,1.106887923821844,50.76452599388432,0.0010331366572089,0.0012609348429112,1.1085815259909946,1.1053394740090057,SELL
2023-01-17 16:00:00,1.10678,1.10724,1.10549,1.10646,3110,1.106865,1.106925,1.1068101194905997,49.20948616600817,0.0009289880148433,0.0011945454772976,1.1085577632375194,1.1052922367624805,SELL
2023-01-17 17:00:00,1.10575,1.10583,1.10525,1.10556,3142,1.106697,1.1067685,1.1065828250377632,47.33840304182545,0.0007650084458692,0.0011086380710119,1.1082848151319122,1.105252184868088,SELL
2023-01-17 18:00:00,1.10595,1.10711,1.1057,1.10628,2460,1.1065900000000002,1.1066714999999998,1.106527765939988,52.58302583025797,0.0006852522770619,0.0010239609122219,1.1080376205157212,1.1053053794842784,SELL
2023-01-17 19:00:00,1.10692,1.10784,1.10647,1.10656,4903,1.106499,1.106664,1.1065336266781718,46.73575129533709,0.0006372922897963,0.0009466271877368,1.108030877348019,1.1052971226519808,SELL
2023-01-17 20:00:00,1.10695,1.10709,1.10644,1.10681,4534,1.106594,1.1066455,1.1065838763730496,52.07877461706815,0.0006123972309437,0.0008797811963782,1.1079928478823622,1.1052981521176375,SELL
2023-01-17 21:00:00,1.10648,1.10685,1.10545,1.10613,4763,1.106667,1.1066035,1.1065013533961314,43.84017758046628,0.0005316686551366,0.0008101586881299,1.1079605909290793,1.1052464090709204,HOLD
2023-01-17 22:00:00,1.10599,1.10649,1.10552,1.10612,4220,1.1066030000000002,1.1065785,1.1064320164150163,43.09764309764255,0.0004615631481066,0.0007404395801252,1.1079526259424006,1.1052043740575992,HOLD
2023-01-17 23:00:00,1.10732,1.10732,1.10681,1.10706,1806,1.106597,1.1066255,1.10654619524865,47.89311408016429,0.0004763629571504,0.0006876242555302,1.1079978966743969,1.1052531033256032,SELL
2023-01-18 00:00:00,1.1074,1.10764,1.1074,1.10762,4227,1.106572,1.1067205000000002,1.1067414324761682,60.13824884792615,0.0005272019761206,0.0006555397996483,1.1080920220129102,1.1053489779870902,SELL
2023-01-18 01:00:00,1.10775,1.10822,1.10731,1.10808,2591,1.1066680000000002,1.106765,1.106984808389592,65.43778801843362,0.0005977202733067,0.00064397589438,1.1082534325914415,1.1052765674085585,SELL
2023-01-18 02:00:00,1.10742,1.10803,1.10717,1.10755,5064,1.106777,1.1068209999999998,1.1070875705005754,55.0318471337586,0.0006038788221183,0.0006359564799276,1.108340319792505,1.1053016802074946,SELL
2023-01-18 03:00:00,1.10826,1.10885,1.10716,1.10824,2164,1.1070449999999998,1.1068710000000002,1.1072971031368342,56.845965770170345,0.0006568648210778,0.0006401381481577,1.1085095217986132,1.1052324782013871,BUY
2023-01-18 04:00:00,1.10746,1.10784,1.10625,1.10709,2176,1.107126,1.106858,1.107259448021046,45.45454545454522,0.0005991545374013,0.0006319414260064,1.1084846025297517,1.1052313974702488,HOLD
2023-01-18 05:00:00,1.1094,1.1094,1.10828,1.10879,2145,1.107349,1.106924,1.1075377301990377,58.76180482686186,0.0006827244913594,0.000642098039077,1.108750050094518,1.105097949905482,BUY
2023-01-18 06:00:00,1.10879,1.10892,1.10853,1.10862,5211,1.10753,1.1070620000000002,1.1077345065264854,61.9469026548673,0.0007268579368668,0.000659050018635,1.108965023632983,1.105158976367017,BUY
2023-01-18 07:00:00,1.11013,1.11107,1.10995,1.11023,2289,1.10794,1.1073035,1.108188232612579,73.94871794871788,0.0008815851897643,0.0007035570528608,1.109518741700086,1.105088258299914,HOLD
2023-01-18 08:00:00,1.11035,1.11063,1.11035,1.11061,2656,1.108389,1.107496,1.1086285539557463,73.00743889479332,0.0010230770808974,0.0007674610584681,1.1101400033442754,1.1048519966557246,HOLD
2023-01-18 09:00:00,1.10921,1.10994,1.10864,1.10958,1299,1.108641,1.107619,1.1088015441456105,64.86220472440931,0.0010401083109203,0.0008219905089586,1.110413926983382,1.1048240730166183,BUY
2023-01-18 10:00:00,1.10915,1.11029,1.10898,1.10949,3306,1.108828,1.1077,1.1089267179373177,63.40000000000006,0.0010344192938622,0.0008644762659393,1.1106167970898726,1.1047832029101272,BUY
2023-01-18 11:00:00,1.10963,1.10963,1.10946,1.10957,1985,1.108977,1.1078225,1.1090436783123507,68.29787234042522,0.0010245555990862,0.0008964921325687,1.110840759345056,1.104804240654944,BUY
2023-01-18 12:00:00,1.10774,1.10858,1.10767,1.10812,4489,1.109034,1.1079055,1.1088757368010145,59.22509225092274,0.000889482270141,0.0008950901600831,1.110856549590323,1.1049544504096769,HOLD
2023-01-18 13:00:00,1.10976,1.11019,1.10898,1.10983,3423,1.109193,1.108119,1.1090492392008298,61.929371231697615,0.000909929294242,0.0008980579869149,1.1109717726126147,1.105266227387385,BUY
2023-01-18 14:00:00,1.11098,1.11164,1.11086,1.11099,1386,1.109583,1.1083545,1.1094021048006788,63.80016380016372,0.0010081150903982,0.0009200694076116,1.111342493341838,1.1053665066581624,BUY
2023-01-18 15:00:00,1.11143,1.11162,1.11128,1.11156,3678,1.10986,1.1086045,1.1097944493823737,64.12337662337737,0.0011190228783795,0.0009598601017651,1.1117904393393516,1.1054185606606484,BUY
2023-01-18 16:00:00,1.11141,1.11163,1.11141,1.11154,2791,1.110152,1.108841,1.110111822221942,66.89246401354744,0.0011915686053916,0.0010062018024904,1.1121652895561274,1.1055167104438726,BUY
2023-01-18 17:00:00,1.11246,1.11339,1.11218,1.11245,2854,1.110374,1.1091570000000002,1.110536945454316,67.49792186201154,0.0013074198888867,0.0010664454197697,1.1125957886484592,1.1057182113515411,BUY
2023-01-18 18:00:00,1.1111,1.1114,1.11074,1.11102,3453,1.110415,1.109402,1.1106247735535313,65.9626320064984,0.0012692131179625,0.0011069989594082,1.112620921689395,1.106183078310605,BUY
2023-01-18 19:00:00,1.11132,1.11132,1.11027,1.11076,2564,1.110533,1.109587,1.110649360180162,59.061637534498615,0.0012040743302816,0.0011264140335829,1.1126612263040927,1.106512773695907,BUY
2023-01-18 20:00:00,1.11027,1.11027,1.10983,1.11011,3096,1.110595,1.1097115,1.1105512946928595,56.56387665198223,0.0010874661709272,0.0011186244610518,1.1126489552180845,1.1067740447819157,HOLD
2023-01-18 21:00:00,1.11099,1.11172,1.11056,1.11094,7016,1.110732,1.1098545,1.1106219683850669,53.358561967833374,0.0010499245512516,0.0011048844790917,1.112735453606806,1.106973546393194,HOLD
2023-01-18 22:00:00,1.11248,1.11248,1.1111,1.11169,2012,1.111089,1.1100615,1.1108161559514182,54.93601462522831,0.0010683757090412,0.0010975827250816,1.112838315859244,1.107284684140756,HOLD
2023-01-18 23:00:00,1.11087,1.11087,1.1098,1.11016,2048,1.111122,1.1101575,1.110696854869342,52.53496503496511,0.0009486052405398,0.0010677872281733,1.112798607224022,1.1075163927759777,HOLD
2023-01-19 00:00:00,1.10923,1.11044,1.10838,1.10949,2264,1.1109719999999998,1.1102775,1.1104774267112798,50.0,0.0007905103693148,0.0010123318564016,1.112519743941925,1.108035256058075,HOLD
2023-01-19 01:00:00,1.1107,1.11082,1.11044,1.11044,2956,1.11086,1.11036,1.1104706218546834,53.37470907680422,0.0007334216768242,0.0009565498204861,1.1124904311400436,1.1082295688599564,HOLD
2023-01-19 02:00:00,1.11016,1.11069,1.1092,1.10989,2592,1.110695,1.1104235,1.110365054244741,57.381150959132576,0.0006364613430858,0.000892532125006,1.1124061433711605,1.1084408566288395,HOLD
2023-01-19 03:00:00,1.10963,1.10988,1.10901,1.10958,3237,1.110408,1.110391,1.1102223171093335,48.8196411709156,0.0005285128041958,0.000819728260844,1.11240801081602,1.10837398918398,HOLD
2023-01-19 04:00:00,1.10894,1.10955,1.10861,1.10921,13023,1.110227,1.110321,1.110038259453091,40.91836734693977,0.0004083991306584,0.0007374624348069,1.1124021626306224,1.1082398373693778,SELL
2023-01-19 05:00:00,1.11037,1.11118,1.11034,1.1106,4928,1.110211,1.110372,1.1101403940979837,45.48022598870035,0.0004205220459139,0.0006740743570283,1.1124265261972288,1.108317473802771,SELL
2023-01-19 06:00:00,1.10972,1.11064,1.10972,1.11046,2657,1.110246,1.1104205,1.1101985042619864,44.97206703910638,0.000414059691246,0.0006220714238718,1.1124327202977504,1.1084082797022496,SELL
2023-01-19 07:00:00,1.10965,1.11029,1.1095,1.10951,4552,1.110103,1.1104175,1.1100733216688978,36.36363636363693,0.0003284944881161,0.0005633560367207,1.1124352306169232,1.108399769383077,SELL
2023-01-19 08:00:00,1.1096,1.11031,1.10884,1.10998,3777,1.109932,1.1105105,1.1100563540927344,44.70468431771939,0.0002952055741183,0.0005097259442002,1.1122320840320217,1.1087889159679785,SELL
2023-01-19 09:00:00,1.10899,1.10952,1.10854,1.10895,7131,1.109811,1.1104665,1.1098551988031462,41.45420207743225,0.0001835951078907,0.0004444997769383,1.1123024942094697,1.1086305057905304,SELL
2023-01-19 10:00:00,1.10806,1.10886,1.10804,1.10816,10030,1.1096780000000002,1.110325,1.1095469808389378,40.91332712022427,3.1038815457407054e-05,0.0003618075846421,1.112410392806705,1.108239607193295,SELL
2023-01-19 11:00:00,1.1084,1.10872,1.10831,1.10864,2102,1.109498,1.110179,1.1093820752318582,38.92100192678249,-5.0548465684974175e-05,0.0002793363745767,1.112308728423592,1.108049271576408,SELL
2023-01-19 12:00:00,1.10915,1.11093,1.10889,1.10977,7596,1.109486,1.1100905,1.1094526070078838,41.07806691449738,-2.3751623666523614e-05,0.000218718774928,1.112127168848969,1.1080538311510313,SELL
2023-01-19 13:00:00,1.11054,1.11054,1.10949,1.11021,2642,1.109549,1.1099785,1.1095903148246322,50.258531540847386,3.261344200233829e-05,0.0001814977083429,1.111689101925559,1.108267898074441,SELL
2023-01-19 14:00:00,1.10917,1.10917,1.10857,1.10908,1905,1.109536,1.1098815,1.1094975303110628,47.97630799605118,-1.3740007311247028e-05,0.000142450165212,1.111563206839819,1.108199793160181,SELL
2023-01-19 15:00:00,1.10858,1.10889,1.10792,1.10863,3256,1.109339,1.109775,1.109339797527233,40.60228452751752,-8.579766694638558e-05,9.680059878040224e-05,1.1114918698569252,1.1080581301430747,SELL
2023-01-19 16:00:00,1.10793,1.10832,1.10684,1.1083,6198,1.109123,1.1096845,1.1091507434313723,41.5515409139212,-0.0001676001334192,4.3920452340479777e-05,1.1115141329802611,1.1078548670197388,SELL
2023-01-19 17:00:00,1.10952,1.11009,1.10933,1.1094,3530,1.109112,1.1096075,1.1091960628074864,49.11764705882315,-0.0001420311241493,6.730137042514945e-06,1.1113417964599168,1.1078732035400831,SELL
2023-01-19 18:00:00,1.11055,1.11096,1.10988,1.11062,1998,1.1091760000000002,1.109554,1.1094549604788524,56.3800904977374,-2.3057898947520528e-05,7.725298445078505e-07,1.1110700947062262,1.1080379052937737,SELL
2023-01-19 19:00:00,1.11071,1.11071,1.11002,1.11055,3047,1.109336,1.1095735000000002,1.1096540585736063,49.74306269270243,6.483346437513582e-05,1.3584716750633445e-05,1.1111318564217454,1.108015143578255,HOLD
2023-01-19 20:00:00,1.10971,1.10999,1.10921,1.10987,1166,1.109507,1.1095925000000002,1.1096933206511326,47.12755598831492,7.871036197149017e-05,2.660984579480479e-05,1.1111558280964646,1.1080291719035358,HOLD
2023-01-19 21:00:00,1.1105,1.11126,1.10974,1.11056,2188,1.1096989999999998,1.1095985000000002,1.109850898714563,55.24475524475541,0.0001437283260483,5.003354184551675e-05,1.1111763769881795,1.1080206230118206,BUY
2023-01-19 22:00:00,1.11118,1.11227,1.11118,1.11156,2695,1.109878,1.109682,1.1101616444028242,57.49525616698374,0.0002728024765239,9.458732878120298e-05,1.1114854539961263,1.1078785460038738,BUY
2023-01-19 23:00:00,1.11202,1.11202,1.11071,1.11155,3667,1.1100119999999998,1.1097804999999998,1.1104140726932197,63.65546218487365,0.0003700223667653,0.000149674336378,1.111766455689424,1.1077945443105757,BUY
2023-01-20 00:00:00,1.11136,1.11243,1.11136,1.11164,6013,1.110268,1.109902,1.1106369685671795,69.72789115646256,0.0004491545045126,0.0002095703700049,1.1120330298968832,1.1077709701031166,BUY
2023-01-20 01:00:00,1.11254,1.11254,1.11235,1.11242,3324,1.1106470000000002,1.109993,1.1109611561004196,70.7236842105262,0.0005682562705024,0.0002813075501044,1.1123885493821803,1.1075974506178197,HOLD
2023-01-20 02:00:00,1.11462,1.11491,1.1142,1.11431,1778,1.111248,1.1101855,1.111570036809434,72.97570850202449,0.0008058629957594,0.0003862186392354,1.1132612419302366,1.1071097580697635,HOLD
2023-01-20 03:00:00,1.11454,1.1153,1.11423,1.11475,1800,1.111783,1.1104475,1.1121482119349917,72.97570850202449,0.0010179382022057,0.0005125625518295,1.1141164701696296,1.1067785298303705,HOLD
2023-01-20 04:00:00,1.11464,1.11512,1.11433,1.11434,1893,1.112155,1.1106655,1.112546718855902,78.71179039301384,0.0011397870026725,0.0006380074419981,1.1147158123986538,1.1066151876013464,HOLD
2023-01-20 05:00:00,1.11634,1.11665,1.1157,1.11603,1721,1.112703,1.1110194999999998,1.1131800427002834,85.5769230769243,0.0013570783762275,0.000781821628844,1.1156364594688732,1.1064025405311264,HOLD
2023-01-20 06:00:00,1.11592,1.11653,1.11557,1.11622,4018,1.1133380000000002,1.1114225,1.1137327622093227,88.5964912280709,0.0015270123198818,0.0009308597670515,1.1163828220396692,1.1064621779603308,HOLD
2023-01-20 07:00:00,1.11552,1.11602,1.11482,1.11517,3899,1.113799,1.111749,1.1139940781712638,78.25661116552472,0.0015589889159655,0.0010564855968343,1.1167970257735989,1.1067009742264011,HOLD
2023-01-20 08:00:00,1.11421,1.11471,1.11421,1.11439,1800,1.114082,1.11198,1.1140660639583069,69.29375639713467,0.0015040533269603,0.0011459991428595,1.1170693779994658,1.106890622000534,BUY
2023-01-20 09:00:00,1.11202,1.11239,1.11193,1.1122,3082,1.114147,1.1120795,1.1137267796022507,56.9386038687981,0.0012691715597688,0.0011706336262414,1.1171005272591612,1.107058472740839,BUY
2023-01-20 10:00:00,1.1132,1.1132,1.11277,1.11296,3524,1.114279,1.1122735,1.1135873651291142,62.90726817042666,0.0011313106702621,0.0011627690350455,1.117102719289675,1.1074442807103249,HOLD
2023-01-20 11:00:00,1.1137,1.1137,1.11324,1.11331,1986,1.1143680000000002,1.1125075,1.1135369351056388,61.8228718830616,0.0010383278004748,0.0011378807881314,1.1170376463901506,1.1079773536098494,HOLD
2023-01-20 12:00:00,1.11213,1.11231,1.11213,1.11218,3522,1.1141549999999998,1.1127015,1.113290219631886,52.63605442176814,0.0008635027281289,0.0010830051761309,1.1167830903763616,1.1086199096236384,HOLD
2023-01-20 13:00:00,1.11422,1.11444,1.11338,1.11377,4084,1.114057,1.11292,1.1133774524260889,58.32083958020981,0.000843528637509,0.0010351098684065,1.1167152602019377,1.1091247397980626,HOLD
2023-01-20 14:00:00,1.11454,1.11481,1.11308,1.1142,3376,1.114043,1.1130989999999998,1.113527006530436,59.35672514619947,0.0008525685535474,0.0009986016054347,1.1167732798793766,1.109424720120623,HOLD
2023-01-20 15:00:00,1.11491,1.11635,1.11491,1.11536,2260,1.113976,1.1133395,1.1138602780703568,60.45519203413956,0.0009424708404317,0.0009873754524341,1.1169402161568949,1.109738783843105,HOLD
2023-01-20 16:00:00,1.11607,1.11695,1.11543,1.11577,2216,1.113931,1.1136345,1.1142075002393828,55.80286168521488,0.0010348732493532,0.0009968750118179,1.1169972649964688,1.110271735003531,BUY
2023-01-20 17:00:00,1.1161,1.11658,1.11526,1.11591,2751,1.114005,1.113902,1.114517045650404,54.72312703583096,0.0011066429629029,0.0010188286020349,1.1170811465257215,1.1107228534742783,BUY
2023-01-20 18:00:00,1.11855,1.11855,1.11754,1.1181,2056,1.114376,1.114229,1.1151684918957852,63.37126600284494,0.0013249623343405,0.001080055348496,1.117723590707216,1.1107344092927842,BUY
2023-01-20 19:00:00,1.11743,1.11823,1.11735,1.11756,7405,1.114912,1.1145295000000002,1.115603311551097,55.9256390395044,0.0014378340659872,0.0011516110919943,1.1180871543130224,1.110971845686978,BUY
2023-01-20 20:00:00,1.11747,1.11747,1.11632,1.11719,3668,1.115335,1.114807,1.1158918003599885,53.70511841100036,0.0014803650914543,0.0012173618918863,1.1182804851299253,1.1113335148700745,BUY
2023-01-20 21:00:00,1.11733,1.11825,1.11599,1.1177,2549,1.1157739999999998,1.115071,1.1162205639308995,60.079681274899855,0.0015375006231854,0.0012813896381461,1.1185829938856835,1.111559006114316,BUY
2023-01-20 22:00:00,1.11866,1.11866,1.11715,1.11813,2361,1.1163690000000002,1.115262,1.116567734125281,65.32786885245878,0.0015990455483516,0.0013449208201872,1.1190074736191875,1.1115165263808122,BUY
2023-01-20 23:00:00,1.11828,1.11842,1.11788,1.11797,3396,1.116789,1.1154229999999998,1.1168226915570485,78.36774827924998,0.0016162782327597,0.0013991923027017,1.119348313799113,1.1114976862008867,HOLD
2023-01-21 00:00:00,1.11643,1.11705,1.11635,1.1167,4664,1.117039,1.115541,1.1168003840012213,67.50936329587938,0.0015100499572076,0.0014213638336029,1.1194711206624617,1.111610879337538,BUY
2023-01-21 01:00:00,1.1164,1.1164,1.11595,1.116,2807,1.117103,1.1155395,1.1166548596373629,62.19401631912943,0.0013537736734305,0.0014078458015684,1.1194688576548089,1.1116101423451914,HOLD
2023-01-21 02:00:00,1.11517,1.11553,1.11517,1.11542,2728,1.117068,1.1154995,1.1164303397032966,65.45801526717548,0.001169639563082,0.0013602045538711,1.1194159563736583,1.1115830436263412,HOLD
2023-01-21 03:00:00,1.11349,1.11464,1.11344,1.11369,5043,1.116846,1.1154255000000002,1.115932096120879,49.62335216572573,0.0008740400229163,0.0012629716476802,1.119423254501353,1.1114277454986474,HOLD
2023-01-21 04:00:00,1.11272,1.11335,1.11272,1.11315,2373,1.116351,1.1153635,1.1154262604625371,45.10717614165908,0.0005894074484511,0.0011282588078343,1.119465962803376,1.1112610371966238,HOLD
2023-01-21 05:00:00,1.11365,1.11365,1.11317,1.11335,2464,1.11593,1.115421,1.1150487585602578,39.71340839304124,0.0003756422411242,0.0009777354944923,1.1193659842906007,1.1114760157093992,HOLD
2023-01-21 06:00:00,1.11272,1.11379,1.11272,1.11332,2490,1.1155430000000002,1.115439,1.114734438822029,36.95420660277038,0.0002014883921801,0.0008224860740299,1.1193397416299484,1.1115382583700515,HOLD
2023-01-21 07:00:00,1.11318,1.1143,1.11318,1.11365,4405,1.1151380000000002,1.115456,1.1145372681271146,38.204592901879735,8.907169124472425e-05,0.0006758031974728,1.1193204691880927,1.111591530811907,SELL
2023-01-21 08:00:00,1.11338,1.11403,1.11305,1.11356,2811,1.114681,1.115525,1.1143595830130937,19.652406417113,-7.198620784354404e-06,0.0005392028338214,1.1191871678941123,1.111862832105888,HOLD
2023-01-21 09:00:00,1.11323,1.11323,1.11194,1.11285,4191,1.114169,1.115479,1.1140851133743492,19.21568627450992,-0.0001391802200003,0.000403526223057,1.1192553190097785,1.1117026809902215,HOLD
2023-01-21 10:00:00,1.11358,1.11437,1.11314,1.11329,2908,1.113828,1.1154335000000002,1.1139405473062856,24.740932642487508,-0.0002058987923778,0.00028164121997,1.1192956579733333,1.111571342026667,HOLD
2023-01-21 11:00:00,1.11159,1.11358,1.11091,1.11173,5003,1.113401,1.115252,1.1135386296142336,15.963511972634862,-0.0003802691976035,0.0001492591364553,1.1194548541681035,1.1110491458318963,HOLD
2023-01-21 12:00:00,1.10974,1.11035,1.10897,1.10983,2639,1.112842,1.114955,1.1128643333207364,9.47265624999936,-0.0006641175869104,-1.3416208217802058e-05,1.1197949543277994,1.1101150456722009,HOLD
2023-01-21 13:00:00,1.10938,1.10965,1.10881,1.1095,11411,1.1124230000000002,1.1146345,1.1122526363533296,9.317963496637203,-0.0009052624208469,-0.0001917854507436,1.1200257227887869,1.109243277211213,HOLD
2023-01-21 14:00:00,1.10944,1.11067,1.10901,1.10983,3322,1.112091,1.114221,1.1118121570163606,13.727560718057733,-0.0010575523913574,-0.0003649388388663,1.1197596485146517,1.1086823514853483,HOLD
2023-01-21 15:00:00,1.10876,1.10912,1.10822,1.10861,2403,1.111617,1.1137735,1.1112299466497495,13.013013013013593,-0.0012621379535366,-0.0005443786618004,1.119614250762882,1.1079327492371178,HOLD
2023-01-21 16:00:00,1.10722,1.10751,1.10671,1.10739,2081,1.111024,1.1132835,1.1105317745316132,12.229539040452138,-0.001505364385973,-0.0007365758066349,1.1195464714656354,1.1070205285343648,HOLD
2023-01-21 17:00:00,1.1073,1.10735,1.10687,1.10713,1828,1.110372,1.112755,1.10991327007132,14.192139737991695,-0.0016995119967311,-0.0009291630446542,1.1192291055062198,1.10628089449378,HOLD
2023-01-21 18:00:00,1.10729,1.10775,1.10712,1.10758,3894,1.109774,1.1122275,1.1094890391492618,19.29437706725548,-0.0017963568541998,-0.0011026018065633,1.1185755883985795,1.1058794116014206,HOLD
2023-01-21 19:00:00,1.10871,1.10902,1.10829,1.10895,2615,1.109384,1.1117765000000002,1.109391032031214,28.5156250000012,-0.0017424734023114,-0.0012305761257129,1.1176723371576782,1.105880662842322,HOLD
